outlet,aperol,alcoholism
check,engagement,wedding
abiding,abide,stay
ablaze,aroused,afire
abrupt,precipitous,sharp
absorbed,enwrapped,intent
absorbing,absorb,suck
abstractionist,abstract,nonfigurative
absurd,ludicrous,nonsensical
accompanied,come with,go with
accompanied,go with,accompany
acknowledged,receipt,notice
acquired,acquire,win
across-the-board,blanket,broad
acuate,acute,sharp
adopted,embrace,adopt
adorned,deck,adorn
advance,forward motion,onward motion
advance,win,pull ahead
advanced,encourage,advance
advancing,advance,progress
aerated,air,aerate
affected,regard,feign
affecting,dissemble,affect
aggregated,aggregative,mass
agile,quick,spry
agitated,agitate,foment
alarmed,appall,horrify
alcoholic,boozer,lush
alimental,nutritious,nutritive
all,totally,altogether
amazed,astounded,stunned
amazing,mystify,baffle
amebic,amoeban,ameban
amebous,amoebic,amebic
ameliorating,amend,ameliorate
amoebous,amoebic,amebic
amorphous,formless,shapeless
amphistylar,amphiprostyle,porticoed
amuck,berserk,demoniac
ancestral,hereditary,patrimonial
angled,angle,lean
animated,exalt,animize
animated,animise,animate
annihilating,withering,devastating
answering,suffice,do
antimicrobic,disinfectant,germicide
appalled,outrage,dismay
appalled,shock,offend
appealing,attract,appeal
applied,employ,apply
applied,enforce,implement
apprehended,pick up,nab
apprenticed,bound,indentured
approbative,approving,affirmative
approving,approbatory,plausive
arced,arciform,arcuate
aroused,fire,raise
arrant,stark,staring
arrayed,lay out,set out
arrayed,align,array
arresting,catch,arrest
ascending,go up,ascend
aspiring,aim,shoot for
assigned,specify,set apart
assumed,seize,take over
assured,assure,tell
astounding,astonishing,staggering
ataractic,tranquillizing,tranquilising
attempted,seek,attempt
attired,get up,rig out
away,off,aside
awkward,inapt,inept
awry,skew-whiff,amiss
back,spine,backbone
baffled,stupefy,nonplus
baffling,perplex,vex
baffling,problematic,problematical
baked,broil,bake
baked,bake,broil
balanced,equilibrize,equilibrise
balmy,kooky,kookie
banned,ban,banish
banned,shun,cast out
based,found,base
beaming,radiate,shine
beat,pulse,pulsation
beat,overreach,outsmart
beat,dumbfound,exhaust
beaten,trounce,vanquish
beaten,scramble,beat
beaten,perplex,vex
bedraggled,draggled,broken-down
befouled,defile,maculate
beginning,set about,set out
beguiled,enamor,captivate
behind,can,fundament
bended,flex,bend
besotted,stiff,tight
better,ameliorate,meliorate
better,practiced,proficient
biased,coloured,one-sided
biased,one-sided,slanted
bicolor,bicolored,bicoloured
bigger,bad,big
bigger,vainglorious,adult
bigger,heavy,with child
bigheaded,too big for one's breeches,uppish
bilateral,bilaterally symmetric,two-sided
binding,bind,constipate
bionomical,ecological,ecologic
blamable,blameworthy,blameable
blaring,blare,honk
blasted,pillory,crucify
blemished,deface,disfigure
blemished,spot,flaw
blockading,barricade,block
blockheaded,duncical,duncish
blotto,cockeyed,fuddled
blotto,tight,wet
blown,bollix,bollix up
blue-green,bluish green,cyan
blurry,bleary,blurred
blushing,flush,redden
boneheaded,thick-skulled,wooden-headed
bonkers,kookie,loco
booming,din,smash
bordered,butt,butt against
bored,bore,tire
bothered,get at,irritate
bottom,rear,rear end
bounded,rebound,recoil
bounteous,giving,liberal
bowleg,genu varum,tibia vara
bowleg,bandy,bandy-legged
bragging,line-shooting,gasconade
brassy,loud,meretricious
breathed,suspire,breathe
breathless,breathtaking,inanimate
bristly,spiny,thorny
broke,break out,break away
broke,discover,expose
broke,go,break
broke,wear,wear out
broke,get out,get around
broken,break in,break
broken,give way,die
brooding,sulk,pout
brooding,cover,incubate
brooding,broody,contemplative
brute,creature,fauna
bubbling,ripple,babble
buggy,barmy,bats
built,work up,build
burned-out,burned-over,burnt-out
burning,burn,incinerate
burning,burn,cut
burnt,glow,burn
burred,setose,setaceous
bustling,bustle,bustle about
buzzing,bombilate,buzz
bygone,bypast,departed
bypast,short-circuit,go around
calamitous,fatal,fateful
calculating,figure,forecast
calculating,aim,direct
calm,tranquillize,tranquillise
candied,sugar-coated,crystalized
capital,capital,chapiter
captivating,entrance,enchant
carbonaceous,carbonic,carboniferous
caring,manage,deal
castled,embattled,battlemented
catacorner,catercorner,cater-cornered
catching,enamour,trance
catercorner,catacorner,cata-cornered
causeless,fortuitous,uncaused
celebrated,notable,noted
celebrated,noted,renowned
cerulean,sapphire,lazuline
chagrined,humiliate,mortify
chancy,dodgy,fluky
charmed,charm,becharm
charming,charm,becharm
chartered,rent,hire
chatty,talkative,talky
cheating,foul,unsporting
checked,suss out,check over
checked,check,see
checked,arrest,stop
checked,crack,check
cheesy,punk,sleazy
chequered,checker,chequer
chicken,lily-livered,white-livered
childlike,round-eyed,dewy-eyed
choked,choke off,clog up
churning,roily,turbulent
circulating,spread,diffuse
civilised,genteel,polite
clamant,strident,vociferous
clear,shed light on,crystallize
clear,sack,sack up
cleared,clear,gain
clipped,clip,snip
cloaked,mantled,wrapped
clogging,clot,clog
closed,fill up,close up
closemouthed,secretive,tightlipped
closing,close,conclude
clothed,enclothe,garb
clothed,cloaked,draped
coalesced,blend,flux
coalescing,blend,flux
coalescing,coalesce,meld
coarse,vulgar,common
cockeyed,laughable,ludicrous
coincident,co-occurrent,cooccurring
colored,color in,colour in
combatant,battler,belligerent
combined,aggregate,combine
coming,orgasm,climax
commemorating,immortalise,record
comose,comate,comal
compartmentalized,compartmentalise,cut up
compassionate,pity,condole with
compensated,compensate,overcompensate
compensated,compensate,redress
compounded,deepen,compound
conciliatory,flexible,conciliative
confined,limit,circumscribe
confining,limit,bound
confining,enclose,hold in
confirmative,confirmatory,corroborative
confirmatory,substantiative,validating
confluent,tributary,affluent
confusing,discombobulate,confuse
constituent,portion,component part
constituted,name,nominate
constituted,nominate,constitute
constitutional,constituent,constitutive
constrained,tighten up,constrain
constricted,constrict,constringe
constricting,press,constrict
consummate,gross,perfect
contemplative,pensive,pondering
continuing,remain,cover
contracted,narrow,contract
contrived,cast,contrive
contrived,contrive,throw
controlled,see,check
controlled,control,ascertain
coordinating,coordinate,align
corking,peachy,slap-up
corking,swell,smashing
covered,handle,plow
covert,cover,concealment
cracked,buggy,crackers
cracked,nuts,nutty
cracking,neat,nifty
cragged,craggy,hilly
crazy,unbalanced,unhinged
crease-resistant,wrinkleproof,wrinkle-resistant
cringing,crawl,creep
crocked,soaked,soused
cropped,clip,crop
crowing,gloat,triumph
crying,watchword,cry
crying,blazon out,cry
cubical,cubiform,cuboid
cunning,foxiness,guile
curled,curl,draw in
curling,curve,kink
cursed,blaspheme,swear
curst,beshrew,damn
curving,sheer,curve
curvy,full-bosomed,sonsie
cussed,curse,cuss
cutting,newspaper clipping,press clipping
cutting,cut,write out
cutting,cut,ignore
cutting,ignore,disregard
damn,tinker's damn,tinker's dam
damned,blamed,blessed
dark,benighted,obscure
dark,coloured,dark-skinned
dated,date,date stamp
dateless,sempiternal,undated
daunted,daunt,dash
daunting,scare off,pall
dazzling,dazzle,bedazzle
dazzling,eye-popping,fulgurant
debonnaire,debonair,debonaire
deceased,departed,gone
deciphered,decrypt,decipher
decorous,becoming,comely
decreasing,fall,decrease
decreed,decree,rule
decrepit,derelict,flea-bitten
decrepit,weak,weakly
deep-rooted,implanted,ingrained
deepening,deepen,intensify
defending,maintain,defend
deformed,deform,contort
deformed,distort,strain
delectable,toothsome,yummy
deliberate,careful,measured
delimited,specify,define
delineated,delineate,specify
delineated,delimitate,delineate
demeaning,degrade,disgrace
demoniac,demoniacal,possessed
demonstrated,show,demo
demonstrated,demonstrate,prove
demonstrated,shew,attest
demonstrated,manifest,demonstrate
demoralised,depress,deject
demoralising,get down,dismay
demoralized,discouraged,disheartened
denigrating,libellous,libelous
denuded,bare,denudate
derelict,neglectful,remiss
derelict,tatterdemalion,tumble-down
descending,deign,descend
designing,design,plan
desolate,bare,barren
despoiled,despoil,violate
determinant,antigenic determinant,epitope
determined,ascertain,watch
detestable,repulsive,abominable
developed,evolve,grow
developed,rise,develop
diabolical,devilish,diabolic
diabolical,diabolic,fiendish
diaphanous,vaporous,vapourous
diarrheal,diarrheic,diarrhoeic
diarrhoeal,diarrhetic,diarrhoetic
diestrous,dioestrous,diestrual
diffuse,broadcast,spread
diffusing,circularize,circularise
diluted,thin,thin out
diluted,adulterate,stretch
dimmed,dim,blur
dingy,muddied,muddy
direct,channelize,channelise
directing,steer,maneuver
directing,point,head
directing,address,direct
dirty,colly,bemire
discerning,recognise,distinguish
discharged,free,discharge
discharged,laid-off,pink-slipped
discovered,attain,discover
discriminating,incisive,keen
diseased,morbid,pathologic
disgraced,discredited,dishonored
disgustful,wicked,yucky
dismissed,brush aside,brush off
disordered,upset,confused
dispirited,dismay,dispirit
dissected,dissect,take apart
dissimilar,unlike,different
dissipated,dissipate,shoot
dissipated,degraded,dissolute
distasteful,repelling,revolting
distinct,decided,clear-cut
distributed,give out,hand out
divided,divide,separate
divinatory,suppositious,supposititious
do-nothing,loafer,layabout
domesticated,naturalize,naturalise
dominating,dominate,master
dominating,dominate,eclipse
dominating,overlooking,autocratic
done,do,perform
double,image,look-alike
double-tongued,janus-faced,two-faced
drawn,get out,take out
drawn,pull,draw
drawn,pull back,draw
dreamy,lackadaisical,languid
dreary,disconsolate,dismal
dressed,dress,decorate
dressed,curry,dress
dressed,coiffe,coiffure
dressed,appareled,attired
dried-up,sear,shriveled
driven,drive,repulse
driving,drive,repulse
dropping,miss,leave out
dropping,leave out,overlook
drug-addicted,dependent,dependant
due,ascribable,imputable
dulled,benumbed,blunted
dumbfounded,perplex,vex
dummy,pinhead,blank
duplicate,twin,twinned
dying,exit,pass away
dying,conk out,go
easy,loose,promiscuous
egoistical,egoistic,egocentric
elaborated,enlarge,flesh out
elapsed,glide by,slip away
elevated,el,overhead railway
elongated,prolonged,elongate
eloquent,fluent,silver
emasculated,emasculate,castrate
emblematical,symbolic,symbolical
emboldened,cheer,hearten
emerging,go forth,egress
enchanting,entrance,enchant
enclosed,wrap,enclose
enclosed,inclose,stick in
ended,terminate,end
endowed,empower,invest
endowed,invest,endue
energizing,stimulate,arouse
energizing,energize,energise
enervating,faze,unnerve
engaged,engage,betroth
engaged,mesh,lock
enlightened,clear,clear up
enlightening,sort out,enlighten
ennobling,dignify,ennoble
enraptured,enthrall,ravish
enraptured,ravish,enthral
ensuant,consequent,accompanying
entitled,gentle,entitle
epicene,intersex,gynandromorph
erstwhile,onetime,one-time
etiological,aetiological,aetiologic
etiological,aetiologic,etiologic
everlasting,double-dyed,gross
evoked,enkindle,kindle
evoked,put forward,call forth
exalted,exalt,glorify
exalting,proclaim,exhilarate
exasperating,incense,worsen
exasperating,vexing,aggravating
exceptional,particular,special
excess,supererogatory,superfluous
exchanged,change,exchange
excited,stimulate,shake
excited,worked up,delirious
exciting,commove,excite
excruciating,excruciate,torment
excused,justify,rationalize
exhausted,eat up,use up
exhausted,wipe out,run down
exhausting,wipe out,run down
existing,exist,be
expanded,inflate,blow up
expansible,expandable,expandible
experienced,see,go through
exposed,exhibit,display
extended,extend,poke out
exterminated,exterminate,kill off
exuberant,ebullient,high-spirited
eye-popping,fulgurant,fulgurous
faced,face,front
fainthearted,faint,timid
fallen,shine,strike
fanatical,overzealous,rabid
fantastic,marvellous,rattling
fascinated,hypnotised,mesmerized
fascinated,mesmerised,spellbound
fascinating,intrigue,fascinate
fascinating,capture,enamour
fascinating,trance,catch
fascinating,bewitching,captivating
fatal,fateful,black
fatigued,jade,tire
faulty,defective,incorrect
favorite,favored,favourite
fearful,fearsome,frightening
fearful,frightful,timorous
featherbrained,dizzy,empty-headed
featured,feature,sport
fell,strike,fall
fiddling,petty,picayune
fierce,ferocious,furious
figured,picture,image
figured,calculate,cipher
filled,fill,fill up
filled,fill up,make full
filled,fill,satiate
firm,unfaltering,unshakable
flabbergasted,boggle,bowl over
flagrant,glaring,gross
flashy,showy,sporty
flavorless,flavourless,insipid
flavorous,flavorful,flavourful
fledgling,unfledged,callow
flighted,flight,fledge
flowing,flux,run
flush,peak,heyday
flush,gush,outpouring
flyblown,squalid,sordid
flyspeck,diminutive,lilliputian
focussed,focus,concenter
focussed,focalise,focus
foiled,foil,cross
following,come,follow
footless,mill about,mill around
forbidding,ominous,sinister
foregone,forgo,forego
forged,fake,counterfeit
forged,form,work
forked,pitchfork,fork
formal,schematic,courtly
former,old,onetime
fortified,fort,arm
foul,disgusting,disgustful
found,establish,plant
found,detect,observe
found,find,regain
fourth,quarter,fourth part
freaky,bizarre,eccentric
freehanded,bighearted,bounteous
fresh,sassy,wise
frightened,scared,panicky
frozen,freeze,freeze out
frozen,rooted,stock-still
frozen,glacial,icy
fucking,know,do it
fumbling,spoil,muck up
funky,noisome,smelly
fussy,grouchy,grumpy
fusty,musty,frowsty
gallant,dude,fop
galling,pestering,pestiferous
galvanizing,galvanise,galvanize
gathered,pucker,tuck
gathered,gather,get together
gemmed,jewelled,sequined
generalised,generalize,generalise
gentle,gruntle,ennoble
giddy,woozy,vertiginous
giving,give,render
giving,yield,give
gladdened,gladden,joy
glassed,glass over,glaze over
glazed,glass over,glaze over
glinting,shine,glance
glistering,glittering,glittery
globular,globose,orbicular
glorified,spiritualize,glorify
glutted,glut,englut
gnarled,gnarly,knotted
goaded,spur,goad
goddamned,blame,blamed
goddamned,deuced,goddam
goosey,anserine,dopy
graded,score,mark
granitic,stony,granitelike
granted,grant,award
granted,accord,allot
granted,give,concede
graphic,pictorial,vivid
grasping,covetous,grabby
gratifying,sweet,enjoyable
gratuitous,free,gratis
graven,scratch,engrave
grayish,gray,greyish
grieving,grief-stricken,mourning
gritty,farinaceous,coarse-grained
grizzled,grizzle,brood
groovy,peachy,slap-up
groveling,fawn,crawl
grown,raise,farm
grown,get,acquire
gruff,curmudgeonly,ill-humored
guarded,hold,guard
guiding,directional,directive
gummy,mucilaginous,pasty
gummy,sticky,viscid
gushing,spurt,spirt
gutless,spineless,wishy-washy
haematopoietic,hematopoietic,hemopoietic
halfhearted,half-hearted,tepid
hardened,tempered,treated
hardened,treated,toughened
harmonized,harmonize,harmonise
harum-scarum,happy-go-lucky,slaphappy
haughty,imperious,lordly
headlong,headfirst,precipitately
hedged,duck,sidestep
heedful,attentive,thoughtful
hematogenic,hematopoietic,haematopoietic
hemimetabolous,hemimetabolic,hemimetamorphous
heroic,larger-than-life,heroical
heterosexual,straight person,straight
high-and-mighty,magisterial,peremptory
high-flown,high-minded,lofty
high-minded,elevated,sublime
high-minded,idealistic,noble-minded
hired,engage,take
homespun,tweedy,cracker-barrel
honored,honour,abide by
hooked,crochet,hook
hooked,drug-addicted,strung-out
hooved,ungulate,ungulated
howling,tremendous,wonderful
humongous,thumping,whopping
humped,know,do it
humped,be intimate,have intercourse
humped,screw,fuck
hunky-dory,o.k.,ok
hurt,wound,injure
hypnotized,hypnotise,mesmerize
hypothetic,hypothetical,supposed
idealistic,high-flown,high-minded
idiotic,laughable,ludicrous
idle,wild,unused
iii,trine,trinity
ill-sorted,incompatible,mismated
immensurable,unmeasurable,unmeasured
immunized,inoculate,vaccinate
impending,imminent,impendent
improved,better,improve
improving,meliorate,better
incased,incase,case
incised,engraved,etched
incisive,penetrating,penetrative
indefinable,undefinable,indescribable
indefinable,indescribable,ineffable
indisposed,antipathetic,antipathetical
individual,somebody,mortal
infernal,satanic,unholy
informative,enlightening,illuminating
injured,injure,bruise
inquisitive,questioning,wondering
inscribed,scratch,engrave
inspiring,urge on,exhort
intensified,intensify,step up
interbred,hybridize,hybridise
interconnected,co-ordinated,unified
interlaced,enlace,interlace
interlacing,lock,interlock
intervening,step in,interfere
intimate,familiar,sexual
invading,intrude on,invade
invigorating,animate,invigorate
inviting,invite,ask in
involved,tangled,tortuous
irksome,deadening,dull
irredeemable,unredeemable,unreformable
irritated,get to,bother
isolating,isolate,sequester
jaded,wear,weary
jammed,pile,jam
jarring,jar,collide
jittery,high-strung,highly strung
justificative,justificatory,vindicatory
kept,retain,continue
kinky,frizzly,frizzy
knowing,cognize,cognise
knowing,be intimate,have intercourse
known,know,sleep together
kookie,fruity,haywire
kooky,bonkers,buggy
labeled,label,judge
labelled,tag,label
labored,labour,toil
labored,dig,moil
labouring,labour,push
languid,lackadaisical,languorous
late-blooming,fall-flowering,fall-blooming
later,ulterior,posterior
later,recent,late
latest,a la mode,in style
laughable,funny,mirthful
leading,conduct,guide
leading,conduct,lead
left,impart,leave
left,pass on,forget
lemony,tangy,tart
lettered,knowing,knowledgeable
level,raze,rase
lifted,pinch,abstract
likable,sympathetic,appealing
lilting,swinging,swingy
litigious,contentious,combative
littler,little,small
liverish,livery,atrabilious
living,hold out,exist
loathsome,noisome,queasy
localised,focalize,focalise
long-winded,tedious,verbose
looking,face,attend
looking,look,see
looking,depend,look
loony,dotty,fruity
loopy,kookie,loco
lordly,overbearing,prideful
lost,baffled,befuddled
loth,antipathetic,antipathetical
loud,flashy,garish
loud,tawdry,trashy
lowered,lower,depress
lowest,blue,depressed
luxurious,sybaritic,voluptuary
madcap,hothead,swashbuckler
made,make,gain
made,get,make
made,make,reach
made,have,make
made,make,give
made,take a shit,take a crap
magic,magical,sorcerous
magisterial,distinguished,grand
magnified,hyperbolise,magnify
malcontent,disaffected,ill-affected
mangled,mangle,mutilate
manifest,evident,patent
mantic,sibylline,sibyllic
marked,stigmatize,stigmatise
married,espouse,marry
marvelous,howling,marvellous
matched,pair,twin
matching,couple,pair
matted,felt up,mat up
matured,grow,mature
matured,mature,senesce
maximum,uttermost,level best
measured,metrical,metric
meet,play,take on
meliorative,ameliorating,ameliorative
melting,dethaw,melt
menacing,jeopardize,jeopardise
meretricious,gimcrack,loud
merging,commingle,immix
miasmal,vaporous,vapourous
middling,fairly,passably
militant,hawkish,warlike
militarised,militarize,militarise
mincing,mince,soften
minimized,minimize,minimise
mint,mountain,muckle
mint,sight,slew
minuscule,little,small
mirthful,jovial,merry
miry,marshy,mucky
miry,quaggy,sloppy
misbegotten,misbegot,spurious
mischievous,prankish,puckish
mistaken,mistake,misidentify
misunderstood,misconceive,misunderstand
mixed,meld,combine
mixed,desegregate,integrate
moderating,check,curb
modernised,modernise,develop
monitory,cautionary,exemplary
monochrome,monochromic,monochromous
morphological,structural,morphologic
moth-eaten,ratty,shabby
mucky,waterlogged,muddy
muffled,repress,muffle
multicoloured,multicolored,multi-colored
mum,ma,mama
murmuring,grumble,croak
musing,contemplate,muse
muzzy,hazy,addled
myopic,shortsighted,unforesightful
mystifying,bewilder,flummox
mythic,fabulous,mythical
naive,primitive,uninstructed
naming,name,list
napped,catnap,catch a wink
nasty,tight,cruddy
nauseating,disgust,revolt
neat,cracking,dandy
needy,impoverished,indigent
netted,webbed,weblike
nettled,nettle,gravel
nettlesome,plaguey,teasing
neutralized,neutralise,neutralize
niminy-piminy,dainty,mincing
noisome,queasy,loathsome
noticed,notice,remark
objective,aim,object
obliging,bind,hold
obliterate,kill,wipe out
obscene,raunchy,salacious
obscure,fog,cloud
obsessed,haunted,preoccupied
obviating,avoid,ward off
odorous,perfumed,scented
offending,transgress,offend
offending,hurt,wound
ominous,menacing,minacious
opened,open up,open
openhearted,benevolent,kindly
opening,unfold,spread
opponent,antagonist,opposer
opprobrious,disgraceful,ignominious
opthalmic,ocular,optic
ordered,order,grade
orienting,orient,tailor
orthogonal,immaterial,impertinent
otiose,ineffectual,unavailing
outlined,limn,outline
outside,outdoors,out of doors
overbearing,supercilious,swaggering
overbold,impudent,smart
overdressed,prink,attire
overlooking,neglect,pretermit
overreaching,overreach,outsmart
overstrung,highly strung,jittery
overturned,overturn,tip over
overturned,bring down,revoke
packed,pack,pile
paid,give,pay
pained,trouble,ail
painted,calico,multicolor
painted,multi-coloured,particolored
paired,twin,pair
pampering,cosset,cocker
panegyric,eulogistic,panegyrical
parted,set forth,set off
partisan,enthusiast,partizan
passing,elapse,lapse
passing,pass,overtake
passing,fall,return
passing,drop dead,pop off
pathologic,diseased,morbid
paying,pay,yield
peachy,groovy,keen
peculiar,funny,odd
peculiar,rummy,singular
peeled,uncase,unclothe
peeved,miffed,nettled
pellucid,crystalline,crystal clear
penetrating,pervade,penetrate
perfunctory,cursory,passing
permeative,permeant,permeating
permeative,permeating,pervasive
perplexing,baffle,beat
persisting,persist,hang in
perturbed,disquiet,trouble
pesky,bothersome,galling
pesky,pestiferous,plaguy
pestiferous,galling,irritating
phantasmagoric,surreal,surrealistic
phantasmal,ghostlike,ghostly
pie-eyed,pixilated,plastered
pitiful,misfortunate,pathetic
pixilated,prankish,puckish
pixilated,plastered,slopped
placed,aim,place
plain,knit,knit stitch
planetary,worldwide,world-wide
plant-eating,phytophagous,phytophilous
platyrrhine,platyrrhinian,platyrhine
played,playact,play
plucked,pluck,tweak
plucked,pick,pluck
plumping,plump,plump out
pockmarked,pocked,potholed
poised,collected,equanimous
pokey,poky,jerkwater
poky,jail,jailhouse
posterior,hind end,keister
posterior,rump,stern
potent,stiff,virile
potential,potentiality,potency
potty,chamberpot,thunder mug
pouring,decant,pour
practiced,practise,practice
preceding,come before,precede
preferred,favorite,favourite
present,give,gift
pressed,press,bid
preventative,contraceptive,preventive
prickly,barbed,barbellate
prideful,lordly,overbearing
prideful,triumphal,triumphant
primal,primeval,primaeval
prime,flower,peak
prize,prise,lever
profane,corrupt,pervert
profaned,pervert,subvert
profaned,profane,vitiate
profligate,degraded,dissipated
prohibited,disallow,nix
projecting,visualise,envision
promiscuous,sluttish,wanton
promising,anticipate,promise
proof,cogent evidence,test copy
propelling,propellent,propulsive
prophylactic,cautionary,preventive
prospering,roaring,thriving
provoked,kindle,evoke
provoking,harry,chivy
provoking,molest,provoke
prudish,tight-laced,victorian
puffy,tumid,turgid
pulverised,demolish,pulverize
punk,spunk,punk rocker
pure,perfect,sodding
putrefiable,decayable,putrescible
qualified,dependent,dependant
quantized,quantize,quantise
queer,foil,cross
quiet,serenity,tranquillity
quiet,hush,quiesce
raging,rag,cod
raised,rear,set up
raising,rearing,upbringing
raising,leaven,prove
rallying,rebound,tease
ramate,ramose,ramous
rambling,jog,roll
rambling,discursive,excursive
rambling,meandering,wandering
ranging,range,rate
raped,knock,pink
rarified,exalted,elevated
rattling,very,really
raunchy,grubby,grungy
ravaged,ravage,lay waste to
ravening,predate,devour
ravening,voracious,wolfish
ravishing,dishonor,dishonour
ravishing,enchant,enrapture
ravishing,transport,enthrall
razed,raze,rase
realised,actualize,actualise
realized,agnise,understand
rear,fanny,ass
rearward,backward,backwards
reasoned,conclude,argue
receding,recede,pull back
receding,lose,drop off
recognized,recognize,recognise
recognized,agnise,spot
reconciled,harmonize,harmonise
reconciled,reconcile,submit
recovered,recuperate,recover
recovering,retrieve,find
red-blooded,full-blooded,lusty
red-hot,juicy,luscious
reddish,blood-red,carmine
reduced,come down,boil down
reflecting,think over,meditate
reflecting,mull over,ruminate
refreshed,brush up,refresh
regenerating,regenerate,rectify
regular,steady,even
relaxed,slacken,slack up
releasing,free,liberate
reliable,dependable,honest
relinquished,relinquish,let go of
remindful,redolent,reminiscent
repellent,rebarbative,repellant
repelling,fight off,rebuff
repelling,revolt,repel
repelling,wicked,yucky
represented,present,represent
required,require,expect
resinous,pitchy,resiny
resistant,insubordinate,resistive
resonant,resounding,reverberating
respected,abide by,observe
rested,rest,breathe
resultant,end point,result
resuscitated,revive,come to
retired,withdraw,retire
retiring,recede,pull back
retiring,bed,crawl in
returning,deliver,return
reverberating,reflect,reverberate
reverse,overturn,rescind
revived,reanimate,revive
revived,quicken,vivify
revived,revivify,revive
reviving,reanimate,revive
reviving,renewing,restorative
rewarding,honor,honour
rhapsodic,rapturous,rapt
rhyming,rime,rhyme
ribbed,jest at,rib
ridiculous,idiotic,laughable
riled,roiled,steamed
risen,uprise,rise
risen,arise,rise
risen,heighten,rise
robed,soak,surcharge
rolled,wheel,roll
rolled,roll out,roll
rollicking,skylark,disport
rough-and-tumble,scuffle,tussle
roughshod,barbarous,brutal
round-backed,hunched,round-shouldered
rowdy,tough,hooligan
ruby-red,blood-red,carmine
ruffled,undulate,ruffle
ruffled,flick,ruffle
run-down,flea-bitten,woebegone
running,run,execute
running,melt,run
rushed,rush along,cannonball along
rushed,stimulate,rush
rusted,corrode,rust
rustling,lift,rustle
sacked,sack,plunder
sacked,sack up,clear
sagging,flag,sag
sanative,healing,alterative
sanctioned,o.k.,okay
sanguinary,sanguineous,slaughterous
savorless,flavourless,insipid
savoury,zesty,mouth-watering
scalloped,scollop,scallop
scatterbrained,rattlepated,scatty
schmaltzy,sentimental,soppy
scintillating,bubbling,effervescent
scorned,scorn,pooh-pooh
screaky,squeaky,squealing
sculptured,sculpt,sculpture
seared,scorch,sear
seasoned,season,harden
seasoned,harden,temper
seated,sit down,seat
secluded,seclude,sequester
second,moment,mo
secret,arcanum,mystery
secret,occult,orphic
secure,inviolable,strong
secure,unassailable,unattackable
sedate,sober,solemn
seeing,realise,see
selected,choose,take
separated,divide,part
sequent,successive,attendant
sequestered,sequester,seclude
sequestered,sequestrate,withdraw
shaded,shade,shade off
shaken,didder,judder
shaken,judder,shake
shaped,regulate,shape
shaping,influence,regulate
shaven,plane,shave
shed,cast,cast off
sheer,veer,slue
sheer,vapourous,cobwebby
shining,glint,gleam
shining,shine,fall
shocked,scandalise,appal
short-lived,transient,transitory
shortened,cut,contract
shouted,yell,scream
showy,flashy,gaudy
shrivelled,dried-up,sere
sibylline,cabalistic,kabbalistic
sick,disgorge,regorge
sick,nauseated,nauseous
signed,sign,contract
signed,sign on,sign up
silklike,silken,silky
silly,wacky,whacky
silver-tongued,facile,fluent
skim,skitter,skim off
skirting,put off,circumvent
slanting,aslope,diagonal
slashing,lash,slash
sleek,silklike,slick
sloping,slanted,slanting
slopped,blind drunk,blotto
sloshed,slosh,slop
slow,dim,dull
smashed,smash,crush
smothered,strangle,muffle
sneak,cabbage,purloin
sneaking,hook,sneak
snobby,clubby,snobbish
snuggled,nest,nuzzle
soaked,surcharge,gazump
softened,cushion,buffer
softening,dampen,damp
soggy,sloppy,sloughy
solitary,lone,lonesome
sombre,somber,melancholy
sonsy,stacked,voluptuous
sophisticated,twist,twist around
soporific,soporiferous,somniferous
sordid,seamy,seedy
sounding,go,sound
southwestward,sou'-west,sw
sozzled,tight,wet
spare,redundant,supererogatory
spare,scanty,plain
sparing,frugal,scotch
sparkly,effervescent,frothy
speaking,speak,utter
specialized,specialise,specialize
specialized,specialize,specialise
specified,assign,specify
spendthrift,spend-all,spender
spherical,global,globose
spick-and-span,speckless,spic-and-span
spiffy,dashing,jaunty
splashed,splosh,slosh
splattered,spatter,splatter
splay,rotate,dislocate
splendiferous,resplendent,splendid
spoilt,spoil,despoil
spoken,talk,address
spoken,address,speak
sporting,rollick,skylark
spotted,descry,spot
spread,scatter,paste
spring-flowering,early-flowering,spring-blooming
spruce,tittivate,smarten up
spumy,bubbly,foaming
squalid,sordid,flyblown
square,solid,substantial
squashy,mucky,muddy
squat,stumpy,underslung
squealing,squeal,fink
stabilizing,steady,stabilize
staged,shit,shop
stalwart,sturdy,stout
starchlike,amylaceous,amyloid
staring,star,asterisk
starting,get down,begin
starting,start,start up
starved,starve,famish
starving,hunger,thirst
static,inactive,motionless
stepwise,bit-by-bit,in small stages
sticking,cohere,stick
stimulated,provoke,stimulate
stimulated,stirred up,aroused
stockinged,stock,sprout
stony,granitelike,rocklike
stopped,contain,hold back
stopped,block up,bar
storm-tossed,buffeted,tempest-tossed
storm-tossed,tempest-tossed,tempest-tost
straight,straightforward,neat
strained,strive,reach
strained,reach,strain
straining,tense up,strain
straitlaced,prim,prissy
stranded,maroon,strand
strengthened,tone up,strengthen
stressed,strain,stress
striking,strike,come to
striking,strike,fall upon
stringy,ropey,thready
striped,bare,denudate
struck,strike,hit
stuck,stick,adhere
stuck,cleave,adhere
studied,canvass,canvas
stuffed,choke up,block
stuffed,gourmandize,binge
stupid,dazed,stunned
subdued,overcome,get over
subjugated,quash,keep down
subjugated,reduce,subjugate
sublimated,sublime,sublimate
subscribed,sign,subscribe
substantiative,substantiating,validating
suckled,suckle,suck
suckled,lactate,give suck
suffering,ache,suffer
suited,befit,suit
sunk,bury,sink
sunken,sink,drop
supervised,oversee,supervise
supported,abide,suffer
surface,open,airfoil
surplus,surplusage,nimiety
surrounding,hem in,circumvent
surrounding,palisade,fence
suspected,distrust,mistrust
sustained,have,get
svelte,lissom,lithe
svelte,sylphlike,slender
sweet-smelling,odorous,perfumed
swell,peachy,slap-up
syncretical,syncretistic,syncretistical
syncretistic,syncretistical,syncretic
tacky,flash,flashy
taken,lead,take
taken,take aim,direct
taken,take,carry
taken,take,hold
taking,guide,take
taking,film,shoot
taking,take,claim
taking,take,carry
tall,marvelous,marvellous
tamed,domesticise,reclaim
tantalizing,cod,tantalize
tapped,tap,solicit
tattling,palaver,prate
tatty,moth-eaten,ratty
teased,tease,tease apart
teasing,pestiferous,plaguy
tedious,long-winded,verbose
teensy,teeny,wee
telling,state,say
telling,say,tell
telling,severalise,tell
telltale,talebearer,blabbermouth
ternary,triad,trine
ternary,trine,trinity
terrible,dreadful,painful
textbook,text,text edition
thick,stocky,thickset
thinking,remember,retrieve
three-fold,dual,twofold
thrown,project,cast
tight-laced,prissy,prudish
tiring,fatigue,run down
toothsome,delectable,delicious
toothsome,pleasant-tasting,scrumptious
tormented,torment,rag
torn,lacerated,mangled
total,tot,tot up
touched,advert,touch
touching,concern,come to
touching,bear upon,bear on
tough,rugged,sturdy
toughened,treated,hardened
tracked,trail,tail
trained,educate,train
transferrable,assignable,conveyable
transferrable,conveyable,negotiable
transfixed,grip,spellbind
transmitted,communicate,impart
transmitted,transmit,convey
transposed,transpose,interchange
treated,handle,do by
tree-shaped,arboriform,dendriform
tree-shaped,dendriform,dendroid
trespassing,intrude,trespass
tried,stress,try
tried,tested,time-tested
trimmed,cut,bring down
trite,timeworn,tired
troubling,perturb,unhinge
troubling,disturbing,perturbing
true,avowedly,confessedly
truncated,abbreviated,shortened
trusted,trust,desire
trusting,believe,trust
trying,assay,test
trying,prove,try
trying,taste,hear
trying,try,render
trying,nerve-racking,nerve-wracking
tubelike,tubular,cannular
tumid,large,orotund
turbid,mirky,murky
turbinate,volute,voluted
turbulent,roiled,roily
turned,grow,turn
turned,turn over,turn
twenty-two,22,xxii
twinkling,twinkle,winkle
twisted,twist,wind
twisted,sophisticate,twist
twisting,twist,wrench
two-fold,dual,twofold
twopenny-halfpenny,tuppeny,two-a-penny
unattired,unappareled,unclad
unbalanced,mad,sick
unbecoming,indecorous,uncomely
unbecoming,unseemly,untoward
unbelievable,improbable,unconvincing
unceasing,never-ending,perpetual
unchewable,fibrous,sinewy
unclothed,undress,discase
underdressed,dress down,underdress
understanding,realise,see
understanding,read,interpret
underweight,skinny,weedy
undone,undo,untie
unglamorous,prosaic,unglamourous
unhinged,disquiet,trouble
unknown,stranger,alien
unlimited,straight-out,inexhaustible
unnumberable,numberless,uncounted
unnumerable,unnumberable,unnumbered
unprocurable,inaccessible,unobtainable
unprogressive,fusty,standpat
unprogressive,standpat,nonprogressive
unregenerate,stubborn,obstinate
unruffled,quiet,still
unsaid,unstated,unuttered
unsettled,enervate,unsettle
unsexed,unsex,desexualize
unsophisticated,hick,rustic
unsynchronised,nonsynchronous,unsynchronized
unsynchronized,unsynchronised,unsynchronous
unutterable,unspeakable,untellable
unvarying,constant,invariant
unvoiced,unstated,unuttered
upright,unsloped,good
upset,discomfit,disturb
used,use,habituate
uttered,verbalized,verbalised
vain,self-conceited,swollen
vaporizable,vaporific,vapourific
variegated,vary,variegate
vented,ventilate,give vent
verificatory,corroborative,corroboratory
vexatious,pestiferous,plaguy
vexatious,plaguey,teasing
vexed,harassed,harried
vexing,nark,nettle
vexing,pestering,pestiferous
victimized,swindle,rook
victimized,put-upon,used
victimized,used,victimised
violated,profane,outrage
virile,male,manful
visualized,image,visualize
vitriolic,acerb,acerbic
volatilisable,vaporizable,vapourisable
voluted,helical,spiral
vulcanized,vulcanise,vulcanize
wacky,goofy,sappy
wacky,barmy,bats
walloping,humongous,banging
wanted,desire,want
wary,leery,mistrustful
waste,emaciate,macerate
watered,water,irrigate
wavering,quiver,waver
weaned,ablactate,wean
weary,tire,wear upon
wearying,pall,weary
well-off,well-heeled,well-situated
well-worn,banal,commonplace
whacking,whack,wham
wheeled,wheel,roll
whole,unharmed,unhurt
whopping,whap,bonk
wide,broad,encompassing
wiggly,sinuate,sinuous
wild,unfounded,unwarranted
wild,raving mad,hazardous
winding,tortuous,twisting
winking,winkle,blink
wired,telegraph,wire
wired,electrify,wire
witless,nitwitted,senseless
wizard,star,superstar
wizard,magical,sorcerous
wonderful,grand,howling
wondering,question,wonder
wonky,cockeyed,lopsided
wooden-headed,thickheaded,thick-skulled
workable,executable,practicable
working-class,blue-collar,wage-earning
world,humanity,humankind
world-wide,general,universal
worn,tire out,wear
worrisome,disturbing,perturbing
worse,bad,forged
worst,spoiled,spoilt
wrapped,wrap,enclose
wrapped,enwrapped,intent
wretched,miserable,suffering
wrong,untimely,faulty
wrought,do work,work
xiii,baker's dozen,long dozen
xiv,14,xiv
xvi,sixteen,16
xxii,twenty-two,22
yielding,cede,grant
zany,whacky,buffoonish
zippy,rattling,snappy
almost,nearly,near
altogether,totally,all
altogether,whole,all told
annually,p.a.,per year
anyhow,at any rate,in any event
atrociously,abysmally,rottenly
closer,near,penny-pinching
closest,near,penny-pinching
commonly,unremarkably,ordinarily
contrarily,to the contrary,contrariwise
curiously,oddly,peculiarly
deucedly,insanely,deadly
disregarding,discount,push aside
disregarding,ignore,disregard
eastwards,due east,eastward
etc.,and so forth,and so on
faster,fast,firm
fastest,firm,immobile
forthwith,at once,like a shot
happily,mirthfully,gayly
inescapably,inevitably,unavoidably
leastwise,at least,leastways
loosely,broadly speaking,generally
manifestly,apparently,plainly
mirthfully,gayly,blithely
moderately,jolly,somewhat
namely,that is to say,to wit
nor'-west,northwest,northwestward
nothing,goose egg,naught
obdurately,obstinately,cussedly
occasionally,once in a while,now and then
offhandedly,offhanded,offhand
originally,in the beginning,to begin with
plunk,clunk,plank
plunk,dive,plunge
possibly,mayhap,peradventure
quickest,quick,speedy
severely,seriously,sternly
shamefully,ingloriously,ignominiously
singly,severally,one by one
slap,smack,bolt
smack,nose drops,thunder
smartly,modishly,sprucely
smash,smash-up,overhead
smash,bang up,smash up
somewhat,middling,passably
southwards,due south,southward
tardily,slowly,slow
terrifically,toppingly,marvellously
topsy-turvily,head over heels,heels over head
totally,altogether,whole
unendingly,unceasingly,continuously
upwards,upward,upwardly
videlicet,namely,viz.
wondrously,superbly,toppingly
aberrance,aberration,deviance
aberration,aberrancy,deviance
accelerator,catalyst,particle accelerator
accent,emphasis,accent mark
acclamation,acclaim,plaudits
account,story,report
accused,impeach,incriminate
action,activity,activeness
adenosis,gland disease,glandular disorder
adhesion,attachment,adherence
adiposis,corpulence,overweight
adulteress,fornicatress,hussy
aerofoil,airfoil,control surface
affiliate,consort,associate
agenda,agendum,order of business
airfield,flying field,field
airs,air out,air
alehoof,ground ivy,field balm
alienation,disaffection,estrangement
allegiance,dedication,fealty
allotment,allocation,apportionment
amount,add up,come
analysis,analytic thinking,psychoanalysis
anatomy,human body,physical body
aniline,aminobenzine,phenylamine
animation,invigoration,liveliness
anorak,windbreaker,windcheater
answer,reply,response
antecedency,anteriority,precedence
antechamber,lobby,vestibule
apathy,numbness,spiritlessness
aper,copycat,imitator
appeal,prayer,appealingness
appeal,solicitation,collection
appearance,appearing,coming into court
apprehension,arrest,catch
aqua,turquoise,cobalt blue
arbiter,supreme authority,arbitrator
argument,argumentation,logical argument
arms,weapon,arm
arms,fortify,gird
arrest,pinch,taking into custody
arse,butt,backside
arse,can,fundament
arse,keister,posterior
arts,artistic production,art
arts,art,graphics
ascendence,ascendency,control
asepsis,sterility,sterileness
ass-kisser,toady,crawler
assay,try,seek
assigning,assign,allot
assigning,specify,set apart
assuredness,cool,poise
ate,eat,deplete
athletics,sport,athletic contest
attack,flack,blast
attack,assault,set on
attire,trick up,deck out
audad,barbary sheep,maned sheep
aureole,aura,halo
authentication,assay-mark,certification
authority,confidence,self-confidence
authorization,authorisation,authority
automaker,carmaker,auto manufacturer
avariciousness,covetousness,cupidity
avaritia,greed,covetousness
avoidance,turning away,shunning
babble,blather,smatter
babbler,magpie,spouter
babbling,spill the beans,let the cat out of the bag
baby,cocker,coddle
backing,financial support,funding
backside,buttocks,nates
backside,derriere,fanny
ballista,arbalest,arbalist
ballyhoo,hoopla,hype
barbital,veronal,barbitone
barf,regorge,retch
barnstormer,trouper,stunt flier
barrack,cheer,root on
barrage,bombardment,outpouring
bars,cake,bar
baste,basting,basting stitch
basting,batter,baste
battercake,pancake,flannel cake
bawdyhouse,bordello,bagnio
beating,beat,pound
beating,baffle,beat
beats,beat,flap
beats,quiver,beat
bedbug,bed bug,chinch
bedding,have a go at it,bang
beefwood,manilkara bidentata,scrub beefwood
begging,pray,solicit
being,constitute,represent
beleaguering,siege,besieging
beleaguering,pester,bug
believing,think,believe
belly,abdomen,venter
bellyache,stomach ache,gastralgia
belt,smash,swath
bends,bend,curve
berbers,arab-berbers,berber
berth,billet,place
berth,tie up,moor
betise,foolishness,imbecility
betrayal,treason,perfidy
bewilderment,puzzlement,befuddlement
bidding,summons,bid
bigarade,marmalade orange,citrus aurantium
bike,motorcycle,bicycle
bike,cycle,pedal
bine,european hop,humulus lupulus
binge,glut,englut
blabbermouth,talebearer,telltale
blackbird,merle,ouzel
blarney,soft soap,sweet talk
blastodisc,germinal disc,germinal area
blazer,sport coat,sports jacket
blazon,coat of arms,arms
blend,portmanteau,blending
blockhead,dunderhead,numskull
blocking,stuff,lug
bloke,lad,gent
blooper,botch,boner
blowfish,pufferfish,puffer
blowing,ball up,spoil
bluebottle,bachelor's button,centaurea cyanus
blur,smutch,blear
blurriness,softness,fogginess
board,dining table,control panel
boards,board,room
boasting,gas,blow
bomb,bomb calorimeter,turkey
bomber,wedge,zep
bones,ivory,pearl
boob,dumbbell,dummy
boodle,bread,cabbage
boodle,sugar,wampum
boom,nail,blast
bootlicker,groveller,groveler
bosh,tarradiddle,tommyrot
bother,discommode,incommode
bounce,bounciness,leap
boxers,packer,bagger
braces,stabilize,stabilise
braiding,braid,pleach
branch,ramification,outgrowth
branding,mark,brand
break,separate,split up
break,break out,break away
breaking,break out,break away
briar,sweetbrier,sweetbriar
bricole,arbalest,arbalist
brightness,luminousness,light
bristliness,spininess,thorniness
bromide,banality,commonplace
browse,surf,graze
brusqueness,curtness,gruffness
buckbean,marsh trefoil,menyanthes trifoliata
buffoon,clown,goof
bugaboo,boogeyman,booger
build,body-build,habitus
build,habitus,human body
bulb,lightbulb,incandescent lamp
bunco,bunko,bunko game
bunco,diddle,defraud
bungle,foul up,mess up
buns,nates,arse
buns,tail end,tooshie
burying,lay to rest,bury
bye-bye,adieu,adios
calumniation,calumny,obloquy
calumny,slander,defamation
camachile,huamachil,wild tamarind
camping,tent,camp
capacitance,capacitor,condenser
capsule,abridgement,abridgment
carageen,irish moss,carrageen
carbon,carbon paper,carbon copy
carriage,rig,bearing
cast,cat,be sick
cast,be sick,disgorge
cast,disgorge,regorge
casting,mould,shed
castrate,bowdlerize,bowdlerise
catch,take in,trip up
cathouse,bagnio,house of prostitution
caul,veil,embryonic membrane
causing,make,induce
cephalexin,keflin,keftab
certification,credentials,authentication
chador,chadar,chaddar
chafe,fret,annoy
chains,mountain range,range of mountains
chains,chain of mountains,chain
challenger,competition,contender
chanfron,chamfron,testiere
charter,rent,hire
chased,dog,go after
chasteness,chastise,castigate
chatter,chit-chat,chaffer
chattering,chatter,click
chattering,chat,confabulate
check,stoppage,confirmation
checker,check,chequer
chest,bureau,dresser
chickweed,mouse eared chickweed,mouse ear
childbed,parturiency,labor
chiliad,m,k
chiromancy,palm reading,chirology
chitchat,chatter,chaffer
choke,foul,suffocate
choke,give-up the ghost,drop dead
choking,choke off,clog up
choking,die,decease
choking,drop dead,pop off
choking,croak,snuff it
churl,tike,niggard
churl,crank,crosspatch
circumcision,circumcision,feast of the circumcision
circumstances,context,circumstance
cither,zither,zithern
cithern,cittern,cither
clamber,scramble,shin
clamoring,clamour,clamouring
clang,clank,clash
clap,bam,gonorrhea
clap,gonorrhoea,clack
claptrap,rant,blah
classmate,schoolmate,schoolfellow
claxon,blare,beep
cleaning,clean,cleanse
clearing,take in,clear
clearing,clear,make
clearing,pull in,bring in
click,clink,suction stop
click,snap,flick
client,customer,node
clink,tinkle,tink
clipping,nip,nip off
clop,clopping,clunking
clump,clop,clunk
clumping,plunk,cluster
clutch,hold,batch
clutches,clasp,clench
clutches,clutch,get hold of
coarseness,nubbiness,tweediness
cockspur,dactylis glomerata,pisonia aculeata
cocotte,whore,harlot
coding,encrypt,inscribe
coding,take in,put one over
coding,rag,cod
coherency,coherence,cohesion
coif,coiffe,coiffure
coitus,sex act,copulation
collaborator,quisling,cooperator
coloring,food colour,color
coloring,distort,color
colors,colour in,tinge
colours,people of color,people of colour
comedy,clowning,funniness
commission,committal,mission
commotion,disruption,flutter
communications,communication,communicating
commuting,commute,permute
compounding,compound,combine
compress,pack together,constrict
comradeliness,chumminess,camaraderie
conceding,concede,yield
concern,bear on,touch
conciliator,pacifier,peacemaker
condemnation,execration,curse
condenser,capacitance,electrical condenser
condescension,patronage,condescendingness
condition,precondition,stipulation
conditioning,specify,condition
conduct,transmit,convey
confab,chat,confabulate
confab,confabulate,consult
conferral,bestowment,conferment
conjugation,coupling,mating
conjuration,magic trick,conjuring trick
conk,drop dead,pop off
consciousness,cognisance,knowingness
consequence,outcome,result
conserves,conserve,preserve
consideration,circumstance,condition
consignment,payload,shipment
consort,associate,affiliate
conspirator,coconspirator,plotter
conspirator,plotter,machinator
constipation,irregularity,stultification
constitution,formation,organization
construction,structure,twist
contact,middleman,liaison
contemplation,reflexion,rumination
contemporaries,generation,contemporary
contents,table of contents,content
contract,squeeze,compact
contract,take,get
contracting,squeeze,compact
control,mastery,controller
controversy,contention,contestation
convenience,public convenience,public lavatory
conveniences,convenience,gadget
convert,commute,win over
convert,win over,convince
conveying,conveyance of title,conveyancing
conveying,bring,get
conviviality,joviality,merrymaking
convolution,vortex,gyrus
convulsion,turmoil,upheaval
cookhouse,ship's galley,caboose
cooling,cool down,cool
cooling,cool,chill
copying,replicate,copy
coquette,flirt,dally
coral-wood,red sandalwood,barbados pride
correlation,correlation coefficient,coefficient of correlation
correspondence,commensurateness,proportionateness
corruption,rottenness,degeneracy
costs,monetary value,price
costs,price,cost
counterbalance,oppose,counteract
counterbalance,counteract,countervail
countermand,lift,reverse
countermine,undermine,counteract
countersign,word,parole
counterweight,counterbalance,counterpoise
counting,matter,weigh
cover,handle,plow
covering,cross,pass over
covering,cover,cover up
covering,cover,insure
cowherd,cowman,cattleman
cowshed,cowhouse,byre
crabs,grouse,crab
crackerberry,pudding berry,cornus canadensis
crap,irish bull,horseshit
crap,defecate,shit
crapper,toilet,can
craps,crap,dirt
craving,thirst,starve
crawfish,pull back,back out
crawl,cower,grovel
crawling,crawl,creep
crepuscle,nightfall,evenfall
crimper,crimp,curler
crinkle,seam,line
crop,range,pasture
crossing,crossroad,crossway
crossing,hybridize,hybridise
crosspatch,grump,crank
crouch,scrunch up,hunker
crudity,crudeness,gaucheness
crumb,skunk,stinker
crunch,mash,bray
crush,calf love,infatuation
crystallizing,crystallise,crystalize
cucumber,cucumis sativus,cuke
curio,oddity,oddment
curl,coil,loop
curler,roller,crimper
curse,condemnation,hex
curve,bender,curvature
curve,curvature,bend
curve,twist,arch
cuss,lad,gent
cypher,cipher,cryptograph
dagga,red dagga,wilde dagga
damages,price,terms
dashboard,splasher,fascia
dasheen,cocoyam,edda
dawning,sunrise,sunup
daze,fog,haze
dealing,distribute,administer
deathwatch,booklouse,book louse
debauch,deprave,misdirect
debauchery,bacchanal,bacchanalia
debility,frailness,valetudinarianism
decameter,dekametre,dam
deception,trick,magic
declaration,announcement,proclamation
declination,celestial latitude,dec
declivity,declension,downslope
deepness,profundity,profoundness
defile,tarnish,stain
dekametre,dam,dkm
delegation,delegating,relegating
deliberateness,slowness,deliberation
delicacy,dainty,goody
demolishing,leveling,tearing down
demolishing,pulverise,crush
depersonalization,depersonalisation,depersonalization disorder
depicting,depict,render
depreciator,detractor,disparager
depth,profoundness,deepness
deputation,delegation,relegating
deserter,ratter,defector
deserts,abandon,forsake
design,purpose,intent
despicableness,sordidness,contemptibility
despoilment,despoilation,despoliation
despondency,heartsickness,disconsolateness
details,detail,particular
detecting,detect,observe
devilry,mischief,mischief-making
devising,excogitate,formulate
dhak,palas,butea frondosa
diffusion,dispersion,dispersal
dig,excavation,archeological site
dig,prod,stab
digs,shot,shaft
digs,excavation,digging
dippers,water ouzel,dipper
dirham,united arab emirate dirham,moroccan dirham
disbelief,skepticism,mental rejection
disconnectedness,disjunction,disjuncture
discovery,breakthrough,find
disgrace,degrade,demean
disgrace,demean,put down
dismantling,raze,rase
disruption,kerfuffle,dislocation
dissipation,dissolution,licentiousness
dissolver,solvent,dissolvent
dissolver,dissolving agent,resolvent
disturbance,fray,ruffle
djinn,djinni,djinny
djinn,jinni,jinnee
dock-walloper,dockworker,lumper
doctrine,school of thought,ism
dogtooth,canine tooth,eyetooth
doings,perform,do
doings,make,act
dome,domed stadium,covered stadium
dominoes,half mask,eye mask
dope,dumbbell,dummy
dose,dosage,venereal disease
doubles,double,duplicate
doura,dourah,egyptian corn
downfall,ruin,ruination
dozens,scads,lashings
draft,selective service,gulp
draw,describe,depict
drawing,pull,pull out
drenching,swamp,drench
drenching,dowse,soak
drier,dry,ironic
drink,toast,pledge
drinking,wassail,drink in
drive,labour,push
drove,repulse,force back
drudge,navvy,galley slave
druggist,pharmacist,chemist
duad,duet,dyad
duet,duo,couple
dumps,dump,knock down
dwelling,home,domicile
earnestness,seriousness,sincerity
earnestness,sincerity,seriousness
earthworm,fishworm,fishing worm
eating,eat on,consume
eats,eat,rust
ebb,wane,reflux
ectoparasite,ectozoon,epizoan
edict,fiat,order
egotism,swelled head,ego
egotism,ego,self-importance
eighties,1980s,mid-eighties
elaboration,elaborateness,intricacy
elan,zeal,dash
eld,geezerhood,age
electrophoresis,dielectrolysis,ionophoresis
elements,element,factor
elevation,altitude,alt
elk,european elk,moose
eluding,hedge,fudge
elves,elf,hob
embossment,relievo,rilievo
embroideress,embroider,broider
emptiness,void,vacancy
encounter,receive,meet
encounter,meet,play
encyclopaedism,learning,scholarship
end,finish,terminate
engagement,betrothal,troth
enigma,riddle,conundrum
enlisting,draft,muster in
entering,move into,enter
enthronement,coronation,enthronization
entree,entrance,entranceway
envoy,emissary,envoi
epinephrin,epinephrine,adrenaline
equivalence,equality,equation
eructation,extravasation,belch
eruption,bang,clap
escutcheon,finger plate,scutcheon
estimate,count on,figure
estimate,figure,forecast
esurience,voraciousness,edacity
eudaemonia,wellbeing,well-being
eudaemonia,upbeat,eudaimonia
evaporation,vaporization,vaporisation
exaltation,raptus,deification
example,exemplar,model
excrement,excreta,excretory product
excreting,excretion,voiding
excursus,aside,divagation
excuse,beg off,condone
extension,university extension,filename extension
externalization,externalisation,exteriorization
extolment,praise,congratulations
extractor,cartridge extractor,cartridge remover
extravagance,lavishness,highlife
extrusion,gibbosity,gibbousness
eyelet,grommet,grummet
eyes,heart,eye
fable,fiction,parable
face,look,aspect
facelift,nip and tuck,face lift
fairness,candor,candour
fairy,queen,queer
faqir,fakeer,faquir
fastening,holdfast,fixing
fastness,fixedness,fixity
fate,destine,doom
fathead,goof,goofball
fatigues,fag,fatigue
feasting,banquet,junket
feather,plumage,feathering
featherbed,pamper,cosset
feature,feature article,feature of speech
feeling,tone,feel
feeling,smell,touch
feeling,sense,feel
feelings,feeling,touch
feelings,feel,finger
feigning,pretend,affect
fencing,fence,fence in
fervidness,fervency,fire
fetch,bring,get
fetish,juju,voodoo
fetor,malodor,malodour
fibre,fiber,vulcanized fiber
fight,push,agitate
figure,shape,bod
figure,calculate,cipher
figuring,project,fancy
fill,take,occupy
filling,fill up,make full
finances,cash in hand,pecuniary resource
finding,find,recover
findings,find,regain
finger,fingerbreadth,finger's breadth
fingerflower,finger-flower,fingerroot
firebrand,inciter,instigant
fives,phoebe,little phoebe
fix,muddle,pickle
fix,touch on,fasten
fixing,specify,set
fixing,unsex,desexualize
fixing,posit,deposit
flare,flare up,break open
flavorer,seasoner,seasoning
flesh,physical body,material body
flesh,frame,form
flick,moving-picture show,motion picture
flier,flyer,aviator
flip-flop,change of mind,turnabout
flirt,mash,dally
flirt,toy,play
flock,pot,quite a little
flock,constellate,clump
flooding,flood,inundate
flub,bumble,fumble
flutter,commotion,hurly burly
flutter,dart,flicker
fluttering,bat,flutter
focusing,concenter,concentre
folacin,folic acid,pteroylglutamic acid
fold,flexure,crimp
folks,kinfolk,kinsfolk
follies,foolishness,unwiseness
force,draw,storm
force-out,force out,force play
forecast,figure,bode
foretelling,prognosticate,omen
forfeiture,forfeit,sacrifice
forge,fake,counterfeit
forging,forge,fake
forgoing,forego,forgo
forgoing,antedate,forfeit
form,phase,class
form,shape,work
formation,shaping,constitution
formula,convention,normal
formula,normal,pattern
fossa,fossa cat,cryptoprocta ferox
foundation,grounding,basis
foundation,origination,creation
foursome,quartet,quadruplet
fragility,frangibility,delicacy
freeing,free,release
freeing,free,release
freeway,state highway,superhighway
frequency,relative frequency,absolute frequency
fresher,fresh,impertinent
fret,gag,rub
frigidness,coldness,coolness
frisking,disport,sport
fuck,have intercourse,have it away
fuckup,bumbler,stumbler
fuzz,hair,tomentum
fuzz,tomentum,bull
fuzziness,softness,blurriness
gaffer,foreman,chief
gain,pull ahead,make headway
gallfly,cynipid gall wasp,gall midge
gallimaufry,odds and ends,oddments
gamecock,fighting cock,hell-kite
gameness,lameness,limping
gaol,poky,pokey
garishness,glitz,gaudiness
garrulity,loquaciousness,loquacity
genitals,genitalia,genital organ
genius,brilliance,ace
get,contract,take
getting,let,have
getting,get,find
getting,amaze,dumbfound
getting,sustain,have
ghost,spectre,ghostwriter
gibbosity,extrusion,excrescence
gibbousness,bump,hump
gismo,thingumajig,thingmajig
git,dirty dog,rat
glasses,shabu,trash
gliding,sailplaning,soaring
gluiness,tackiness,ropiness
goalkeeper,goalie,goaltender
godsend,manna from heaven,windfall
going-over,earful,bawling out
goldbricking,gyp,gip
goldilocks,goldilocks aster,aster linosyris
goodby,arrivederci,auf wiedersehen
goon,lump,gawk
gossip,causerie,comment
gouge,squeeze,rack
gouge,rack,wring
governed,regularize,regularise
government,authorities,regime
grading,marking,scoring
graft,transplant,bribery
graining,grain,granulate
grampus,orcinus orca,grampus griseus
graphics,artwork,art
grapple,contend,deal
grasp,clasp,clench
grasp,clutch,clutches
gravel,nark,nettle
graver,graving tool,pointel
gravure,intaglio printing,intaglio
grayback,limnodromus griseus,knot
grayback,knot,greyback
grazing,graze,shaving
greenweed,dyer's-broom,dyeweed
grind,bray,comminute
grinding,labor,labour
grizzle,yammer,yawp
group,chemical group,mathematical group
growth,growing,maturation
grump,crank,churl
guarantee,ensure,insure
guessing,imagine,reckon
gumminess,cohesiveness,glueyness
gumminess,glueyness,gluiness
gunman,triggerman,hit man
gunman,shooter,gun
hackmatack,tacamahac,populus balsamifera
hail,herald,come
hammerhead,dunderhead,numskull
hamming,overact,ham it up
handle,cover,treat
handlock,cuff,manacle
hanging,attend,hang
happening,bump,encounter
harbinger,foretell,herald
haste,hurriedness,precipitation
hastiness,hurriedness,precipitation
head,guide,channelize
heartleaf,asarum shuttleworthii,heart-leaf
hearts,philia,heart
heating,heat,inflame
heave,heft up,pant
heave,buckle,warp
heinousness,barbarity,barbarousness
helmetflower,skullcap,helmet orchid
helmetflower,helmet orchid,monkshood
help,assistant,helper
help,assistance,avail
hermaphroditism,androgyny,bisexuality
heroism,valour,valorousness
high-up,very important person,vip
highlighting,highlight,spotlight
hilarity,mirth,mirthfulness
hindquarters,tail end,tooshie
hindquarters,derriere,fanny
hint,lead,steer
hinterland,backwoods,back country
hire,charter,engage
hitch,tour of duty,duty tour
hitch,stoppage,hang-up
hitch,gimp,hobble
hitch,hitchhike,thumb
hitting,slay,hit
hoard,stash,cache
hodgepodge,patchwork,jumble
hold,clutches,grasp
holding,take hold,hold
holding,give,have
holler,hollo,holloa
holler,cry,call
holler,scream,hollo
honk,cat,be sick
honours,honour,laurels
hood,strong-armer,cap
hoodlum,tough,toughie
hoof,foot,leg it
hoofing,foot,leg it
horse,sawbuck,buck
hostelry,lodge,auberge
hostilities,hostility,enmity
hotchpotch,farrago,ragbag
huisache,sweet acacia,scented wattle
hullabaloo,turmoil,upheaval
humor,humour,witticism
hundred-percenter,jingoist,jingo
hurting,smart,hurt
hush,quiet,quiesce
hushing,hiss,hissing
hydroxybenzene,phenol,oxybenzene
hyperlipaemia,lipoidaemia,hyperlipemia
ibuprofen,isobutylphenyl propionic acid,advil
ill-usage,ill-treatment,abuse
imaging,visualize,visualise
impendence,imminentness,impendency
impendency,imminency,imminentness
implant,embed,imbed
imposter,pseudo,pseud
impress,affect,move
impressiveness,magnificence,richness
imprisonment,incarceration,immurement
impudence,insolence,cheekiness
inclemency,rigorousness,rigourousness
inclemency,hardness,stiffness
inconstancy,faithlessness,falseness
inconvenience,discommode,incommode
individuation,individualisation,individuality
indorsement,endorsement,warrant
indorser,subscriber,endorser
indweller,inhabitant,habitant
inebriant,alcoholic drink,alcoholic beverage
infringement,misdemeanor,misdemeanour
ingroup,clique,coterie
initiation,induction,installation
innocence,purity,pureness
innovation,design,initiation
insensibility,callousness,callosity
insert,put in,introduce
insipidity,dreariness,insipidness
insipidness,insipidity,blandness
installing,install,instal
instalment,installation,installing
instilling,infuse,instill
institution,introduction,instauration
insult,vilification,affront
insurrectionist,freedom fighter,rebel
integrating,integrate,mix
interdict,prohibit,proscribe
interruption,disruption,gap
inwardness,nub,pith
issuing,come forth,go forth
issuing,go forth,egress
jab,jabbing,poke
jabiru,xenorhyncus asiaticus,saddlebill
jack-o-lantern,jack-o-lantern fungus,jack-a-lantern
jaguar,panthera onca,felis onca
jailbreak,prisonbreak,prison-breaking
jamming,wad,obstruct
jaw,rebuke,rag
jazz,eff,hump
jetty,groin,groyne
jewbush,jew-bush,jew bush
jigaboo,spade,coon
jogging,jog,square up
jointure,uniting,conjugation
joke,gag,laugh
journeyman,craftsman,artisan
jujube,ziziphus jujuba,chinese date
juke,jook,juke joint
jumping,pass over,skip
junket,jaunt,outing
kabala,kabala,cabbalah
kabala,cabala,qabbalah
kalian,calean,water pipe
kapok,white silk-cotton tree,bombay ceiba
katharsis,catharsis,purgation
keep,maintain,hold
keeping,keep,maintain
keeping,maintain,keep
keeping,keep,keep open
keeping,preserve,keep
kernel,meat,substance
ketembilla,ceylon gooseberry,dovyalis hebecarpa
kettledrum,kettle,tympanum
khalif,calif,kaliph
kick,sound off,quetch
killjoy,wet blanket,party pooper
kilometer,km,klick
kinesthesia,kinaesthesis,kinaesthesia
kingpin,kingbolt,swivel pin
know,experience,live
know,love,make out
knucklehead,numskull,blockhead
kowtow,kotow,suck up
labor,travail,childbed
labor,moil,labour
laborer,manual laborer,labourer
lachrymation,lacrimation,tearing
lacing,intertwine,twine
lactoflavin,ovoflavin,hepatoflavin
lading,lade,laden
lady's-eardrop,ladies'-eardrop,lady's-eardrops
lag,meantime,meanwhile
lagging,jail,jug
lagging,remand,lag
lansa,lansat,lanset
lapse,recidivate,regress
lapsing,go by,slide by
largesse,magnanimity,openhandedness
lather,flog,welt
lattice,latticework,fretwork
laugher,blowout,romp
launch,plunge,set in motion
lavatory,lav,can
lay-by,pull-off,rest area
leaders,drawing card,loss leader
leatherleaf,leathery polypody,coast polypody
leaving,result,lead
lees,lee side,leeward
leotards,leotard,unitard
lesson,deterrent example,object lesson
letter,letter of the alphabet,alphabetic character
letting,let,allow
letting,have,let
lettuce,lolly,lucre
leucocyte,white corpuscle,wbc
lift,raise,heave
lift,raise,elevate
lightening,lighten,lighten up
lighter,igniter,ignitor
lighter,tripping,light
lighting,alight,light
likening,compare,liken
lime,lime tree,citrus aurantifolia
loads,cargo,lading
loafing,loaf,frig around
loathing,abhorrence,abomination
lock,operate,interlock
lock,interlock,interlace
locoweed,gage,sess
lodgepole,shore pine,lodgepole pine
lodging,living accommodations,lodgment
logger,feller,faller
lollipop,popsicle,sucker
loquaciousness,garrulousness,loquacity
losings,lose,fall back
losses,loss,deprivation
lousiness,vileness,wickedness
love-in-a-mist,snow-in-summer,cerastium tomentosum
lowliness,unimportance,obscureness
lucre,gelt,kale
lumberjack,logger,feller
luminousness,brightness level,luminance
luridness,wanness,achromasia
luxuriousness,opulence,sumptuousness
machinator,coconspirator,plotter
machine,auto,automobile
madam,dame,ma'am
madhouse,booby hatch,crazy house
madhouse,nut house,nuthouse
magnetism,magnetic attraction,magnetic force
maidservant,housemaid,amah
mailing,post,send
make,get,reach
making,cause,do
making,make,produce
mamey,mammee tree,mammea americana
mammee,mammee apple,mamey
maneuver,manoeuvre,manoeuver
mannequin,mannikin,manakin
mannikin,manakin,form
manoeuvre,manoeuver,direct
mansion,planetary house,mansion house
manufactory,factory,mill
marching,adjoin,edge
marchland,borderland,border district
marketer,vendor,trafficker
marketing,commercialise,market
marshals,us marshals service,marshals
marshals,marshal,marshall
marshals,marshal,summon
masking,dissemble,cloak
masters,master copy,original
masters,passe-partout,master key
masters,master,control
match,touch,rival
mater,matte,matted
mates,pair,couple
maturation,growth,growing
mayfish,may fish,fundulus majalis
meagerness,scantness,exiguity
meander,wind,thread
meanness,minginess,niggardliness
measure,mensurate,measure out
measuring,quantify,measure
meat,heart,heart and soul
meat,nub,pith
medlars,wild medlar tree,medlar
men,world,human race
menstruum,menstruation,menses
mensuration,measurement,measuring
meow,miaow,miaul
meretriciousness,brashness,tawdriness
mesh,enmesh,ensnarl
meshing,engagement,mesh
mess,pickle,kettle of fish
mess,mess hall,batch
methamphetamine,crank,glass
meticulosity,meticulousness,punctiliousness
mickle,mess,mint
mickle,muckle,passel
mien,bearing,comportment
milling,mill,mill about
mindlessness,pointlessness,heedlessness
mindset,outlook,mind-set
mingling,mingle,commix
minutes,min,moment
mischief-making,mischief,mischievousness
misconduct,mismanage,mishandle
misrepresentation,deception,falsification
mixing,flux,mix
modeling,mould,molding
modestness,reasonableness,moderateness
modification,limiting,change
modiste,hatter,milliner
molding,mould,moulding
monger,trader,bargainer
monition,admonition,admonishment
monkeypod,zaman,zamang
monster,fiend,devil
monster,devil,demon
morals,ethics,morality
morals,morality,moral
mormons,mormon church,mormons
motion,gesture,movement
motion,movement,move
motorcar,automobile,machine
motorcycling,motorbike,motorcycle
mould,cast,mold
mounting,mount,put on
move,motion,movement
muck,ooze,droppings
muckle,passel,peck
muffle,smother,stifle
mug,phiz,visage
multitude,pack,throng
multitude,mass,hoi polloi
mumbling,mussitate,mumble
murmur,murmuring,murmuration
muscleman,muscle builder,muscle-builder
mussitation,mutter,muttering
muster,summon,come up
muttering,murmuring,murmuration
muttering,murmuration,mussitation
muttering,mumble,mutter
muttonhead,dunderhead,numskull
mystification,bewilderment,obfuscation
nanometre,nm,millimicron
narghile,nargileh,sheesha
narrowness,narrow margin,slimness
nates,rear end,rump
nauseant,emetic,vomit
necromancy,sorcery,black magic
necropolis,burial site,burial ground
neglect,disregard,negligence
neighborliness,good-neighborliness,good-neighbourliness
nerves,spunk,boldness
nightclub,cabaret,night club
nightdress,nightie,night-robe
nighthawk,night owl,nightbird
nitroglycerine,glyceryl trinitrate,nitrospan
nobility,magnanimousness,grandeur
noise,interference,disturbance
nonesuch,saint,apotheosis
noose,gin,running noose
notice,poster,posting
notice,observe,find
notion,feeling,belief
nuance,nicety,shade
nub,pith,sum
numskull,knucklehead,loggerhead
nutsedge,nut grass,nut sedge
nylons,silk stocking,nylon
obstruction,obstructor,obstructer
obstructor,obstructionist,obstructer
obstructor,obstructer,resister
oculomotor,oculomotor nerve,nervus oculomotorius
oddity,peculiarity,rarity
oestrus,rut,oestrus
offer,extend,propose
office,position,post
offset,branch,offshoot
omen,prodigy,oman
oodles,stacks,loads
operation,surgery,surgical operation
opus,piece,piece of music
orbit,arena,scope
order,consecrate,ordinate
ordering,rate,rank
organisation,establishment,brass
orgy,binge,splurge
origin,blood,pedigree
origination,initiation,founding
ostentatiousness,ostentation,pomposity
ostiary,ostiarius,doorkeeper
outburst,gush,blowup
outflow,effluence,efflux
overabundance,overmuch,overmuchness
overcharge,rob,hook
overlook,pretermit,omit
overrefinement,distortion,straining
overrun,run over,brim over
overtaking,overhaul,overwhelm
overturn,tump over,tip over
overturn,bowl over,tump over
oxen,cattle,cows
packing,tamp down,tamp
padding,aggrandise,blow up
paigle,primula elatior,cowslip
pains,pain,pain in the neck
palaver,maunder,prattle
pane,window pane,zen
pantomimist,mummer,pantomimer
papaya,melon tree,carica papaya
papers,paper,report
paprika,sweet pepper plant,capsicum annuum grossum
paraffin,alkane series,alkane
paragon,perfection,beau ideal
paragon,ideal,nonpareil
partitioning,partition,zone
parts,part,function
parts,function,office
parts,separate,divide
parts,separate,disunite
parturiency,labor,labour
pastor,pastor,subgenus pastor
patrisib,patrikin,patrilineal kin
patronage,condescension,disdain
paving,pavement,paving material
paw,hand,manus
payoff,takings,proceeds
peak,crest,top
pecker,neb,nib
peddler,packman,hawker
peeler,striptease artist,striptease
peepul,bo tree,ficus religiosa
pellagra,mal rosso,maidism
penstock,sluice,sluiceway
pentad,cinque,quint
penuchle,pinochle,pinocle
perambulator,pram,stroller
percentage,percent,per centum
perceptiveness,perceptivity,taste
perfection,idol,beau ideal
performing,acting,playing
perfume,aromatise,scent
period,flow,point
periwinkle,red periwinkle,cayenne jasmine
permit,license,permission
perspicacity,astuteness,perspicaciousness
pervert,deviate,degenerate
petiteness,tininess,weeness
phantasm,phantom,phantasma
photograph,exposure,picture
phrase,give voice,formulate
physiognomy,visage,kisser
physique,habitus,human body
piddle,piddle away,trifle
piddle,wee-wee,pass water
pile,mound,agglomerate
pile,spate,stack
piles,scores,stacks
piles,nap,atomic pile
piles,pack,pile
piling,mob,pack
pimiento,pimento,paprika
pimp,fancy man,ponce
pinch,nobble,lift
pining,ache,yearn
pinnacle,height,elevation
piranha,predator,vulture
pitch,pitch shot,auction pitch
pitch,deliver,gear
pitting,oppose,match
place,localise,put
plagiarization,plagiarism,plagiarisation
plagiarizer,literary pirate,pirate
plague,hassle,harry
planking,plank over,plank
planking,plunk,plump down
platform,weapons platform,chopine
play,toy,fiddle
playing,playact,play
plentifulness,plenty,plenteousness
plethora,superfluity,embarrassment
plod,trudge,pad
plow,cover,treat
plowing,plow,deal
plowland,tillage,tilth
plug,hoopla,hype
plunder,rifle,ransack
ply,supply,cater
ply,cater,run
poetiser,rhymester,versifier
poke,jab,jabbing
polls,canvass,canvas
polyplacophore,chiton,coat-of-mail shell
pooch,doggie,doggy
pooch,barker,bow-wow
portion,component,constituent
portion,dowery,dower
pose,mannerism,affectedness
pose,personate,posture
pose,stick,get
pose,mystify,baffle
position,emplacement,situation
posturing,pose,posture
pot,mass,mess
potpourri,variety,salmagundi
pouf,fairy,nance
pouffe,ottoman,pouf
poundage,impoundment,impounding
practice,pattern,exercise
practice,drill,exercise
prance,ruffle,strut
prattle,palaver,prate
precedence,precedency,priority
precipitation,hurry,hurriedness
precursor,forerunner,predecessor
predestinationist,determinist,predestinarian
presentiment,premonition,boding
preserve,conserves,preserves
preserve,maintain,keep up
pretender,pretender,imposter
pretending,pretend,guess
privacy,privateness,secrecy
privacy,secrecy,concealment
privateness,privacy,secrecy
proceedings,carry on,proceed
proceedings,proceed,go along
process,cognitive process,mental process
processing,work,work on
procession,progress,progression
procession,forward motion,onward motion
profits,net income,net
profits,profit,gain
progress,progression,procession
progression,progress,advance
prostitute,working girl,sporting lady
protactinium,pa,atomic number 91
prune,trim,lop
pruning,cut,prune
pseud,fake,faker
publishing,issue,release
puke,crumb,lowlife
puking,cat,be sick
pulpit,stump,soapbox
purr,whirr,whir
push,drive,crowd
push,fight,press
pusher,carriage,perambulator
putting,set up,put
pyridoxal,pyridoxamine,adermin
quadriceps,musculus quadriceps femoris,quad
qualifying,qualify,restrict
quarter,one-fourth,fourth
quartern,fourth part,twenty-five percent
quatern,four,4
quenching,squelch,quell
questioner,inquirer,enquirer
quid,pound,british pound sterling
quintet,cinque,quint
quivering,vibration,palpitation
rabies,lyssa,madness
rack,stand,single-foot
raffia,raphia,raffia
raft,hatful,heap
rafts,heaps,lots
rag,bother,get at
rag,twit,rally
ragweed,tansy ragwort,benweed
rambutan,rambutan tree,nephelium lappaceum
rating,rat,fink
rationality,reason,reasonableness
razzing,bait,taunt
reach,range,scope
realization,recognition,realisation
rebirth,reincarnation,renascence
rebirth,conversion,spiritual rebirth
rebuke,chew up,have words
recoil,squinch,funk
reconditeness,profundity,obscureness
redberry,red baneberry,red-berry
redress,indemnification,restitution
redress,remedy,remediation
reducing,abbreviate,shorten
reference,point of reference,reference book
refinement,subtlety,civilization
reflectivity,reflection,reflexion
regime,government,authorities
regress,relapse,lapse
regression,regression toward the mean,statistical regression
reification,hypostatisation,depersonalization
reinforcement,reinforcer,strengthener
relations,sexual relation,relation
relaxation,loosening,slackening
relief,respite,rest
reluctance,hesitancy,hesitation
remission,subsidence,remittance
render,interpret,yield
rendering,rendition,interpretation
repeat,retell,duplicate
repeating,ingeminate,iterate
replacing,replace,put back
replication,reproduction,rejoinder
report,describe,account
reproof,reproval,reprehension
repulsion,horror,standoff
repute,look upon,look on
repute,look on,esteem
rescuer,deliverer,recoverer
reserpine,rau-sed,sandril
reserves,stockpile,substitute
residence,mansion,mansion house
respect,regard,deference
respects,regard,deference
respects,abide by,observe
respite,recess,break
rest,residual,residue
rest,eternal rest,sleep
retch,sick,cat
retinue,cortege,suite
retort,riposte,rejoin
retread,remold,remould
return,income tax return,homecoming
return,regaining,issue
return,reelect,fall
revenue,receipts,tax income
reversion,turnabout,turnaround
rial,riyal-omani,omani rial
ribbing,make fun,poke fun
riddance,exclusion,expulsion
ride,tantalize,tantalise
rifle,strip,ransack
rifling,foray,rifle
rig,equipage,swindle
rig,set,set up
rigging,rig,set
rigidity,inflexibility,rigidness
ringdove,cushat,columba palumbus
ringer,dead ringer,clone
rings,call up,phone
rings,environ,ring
riveter,riveting machine,rivetter
roll,cast,ramble
roll,rove,range
roofy,forget me drug,circle
rook,diddle,bunco
rout,root,rootle
ruction,commotion,din
ruction,rumpus,tumult
ruddles,common marigold,pot marigold
ruffle,mess up,pleat
rumble,rumbling,grumble
rumination,reflexion,musing
rumourmonger,rumormonger,newsmonger
rump,rear,rear end
run,extend,operate
run,be given,lean
run,die hard,endure
rung,skirt,border
rupee,nepalese rupee,mauritian rupee
rupture,rift,falling out
rut,estrus,oestrus
s,due south,southward
sacrilege,profanation,desecration
safety,safety device,base hit
safety,rubber,safe
sailor,skimmer,straw hat
salon,beauty parlour,beauty shop
saltpetre,niter,nitre
salve,ointment,unction
sandbag,dragoon,railroad
sandspur,sandbur,field sandbur
sanguification,haematopoiesis,hemopoiesis
sanguification,hemogenesis,haemogenesis
sashay,swagger,ruffle
satisfaction,gratification,atonement
savant,learned person,pundit
savings,preserve,save
savoring,bask,relish
savoring,taste,savor
savour,relish,savor
saying,enounce,sound out
scale,ordered series,scale leaf
scale,scurf,exfoliation
scallywag,rogue,knave
scam,gip,hornswoggle
scatter,sprinkle,dot
schematization,schematisation,diagramming
schmoose,confabulation,schmooze
schnorchel,snorkel breather,breather
schnorkel,snorkel,schnorchel
schoolmistress,schoolmarm,schoolma'am
scissors,scissor hold,scissor grip
scoke,poke,pigeon berry
scoke,garget,phytolacca americana
scope,orbit,compass
scoring,seduce,score
scoring,score,grade
scours,scour,purge
scraping,trash,junk
scraps,chip,flake
scratching,scrape,scrape up
scream,shriek,shrieking
screening,sieve,sort
screwing,fuck,fucking
scrubbing,call off,scratch
scrunch,crease,crinkle
scruples,scruple,qualm
scudding,flash,shoot
sculpturer,carver,statue maker
seasoner,flavourer,flavoring
seasoning,season,flavor
seating,induct,invest
seats,tail end,tooshie
secreter,secret,surreptitious
section,division,plane section
self-interest,self-seeking,expedience
self-will,obstinacy,obstinance
sending,direct,send
sending,post,send
sending,institutionalise,send
senescence,ageing,agedness
sensation,ace,adept
sensation,maven,mavin
separateness,distinctness,severalty
series,serial,serial publication
serjeant,sergeant-at-law,sergeant
serve,do,attend to
serving,do,answer
sestet,sextette,sextet
setting,set,specify
settlings,locate,reconcile
settlings,conciliate,settle
severity,rigorousness,rigourousness
sewer,gutter,toilet
sextet,sextuplet,hexad
shade,nicety,subtlety
shades,shade,shadiness
shadflower,shad-flower,draba verna
shaft,diaphysis,cock
shame,dishonour,attaint
sheet,plane,tabloid
shekels,wampum,shekel
shift,transformation,transmutation
shine,glint,gleam
shine,radiate,fall
shine,beam,radiate
shirking,slacking,soldiering
shithead,dunderhead,numskull
shithead,muttonhead,dumbass
shithead,dumbass,fuckhead
shitting,give away,rat
shook,shake,didder
shoot,flash,tear
shooting,hit,pip
shoring,prop up,prop
showiness,floridness,floridity
showing,evidence,show
showing,show,usher
shriek,pipe up,pipe
shrink,shrivel up,wither
shrink,reduce,contract
shrinking,shrink,wince
shrinking,recoil,quail
shtik,shtick,schtick
sickness,illness,unwellness
sideline,hobby,pursuit
signified,signify,stand for
signifier,word form,descriptor
signing,signalize,signalise
sincerity,earnestness,seriousness
sinking,sink,settle
sixties,1960s,mid-sixties
skepticism,mental rejection,agnosticism
skirt,dame,doll
skittles,ninepin,skittle
skylark,lark,rollick
slackness,laxity,remissness
slang,argot,patois
slant,cant,cant over
slash,trounce,gash
sleuthing,snoop,sleuth
slickness,skullduggery,glibness
slickness,slipperiness,slip
slob,pig,slovenly person
slop,splosh,slosh
slowness,mental retardation,backwardness
slug,idle,laze
smacking,thwack,smack
smallmouth,smallmouth bass,smallmouthed bass
smear,smudge,spot
smirch,slur,blot
smirch,calumniate,smear
smother,stifle,strangle
smudge,smear,smirch
smut,filth,dirty word
snakeberry,red baneberry,redberry
snappishness,peevishness,pettishness
snarl,mat,snarl up
snip,dress,prune
snipping,snip,clip
snipping,trim,lop
snitch,give away,rat
snuffle,blubber,blub
soaker,downpour,cloudburst
soaker,alky,dipsomaniac
soberness,somberness,sombreness
sod,sodomist,bugger
soda,pop,soda pop
sodomy,anal sex,anal intercourse
solace,solacement,consolation
solving,resolve,solve
somatotropin,somatotropic hormone,somatotrophic hormone
somesthesis,somataesthesis,somatosensory system
somnambulation,sleepwalking,somnambulism
soreness,discomfort,irritation
soybean,soya,soya bean
sparkle,froth,fizz
spat,clap,spit
spatter,swash,sprinkle
spatter,pitter-patter,bespatter
spattering,splosh,swash
specialty,speciality,distinctiveness
species,coinage,mintage
speed,stop number,amphetamine
sphericity,globularness,rotundity
spin,whirl,birl
spindle,arbor,spike
spine,spikelet,backbone
spitting,ptyalize,ptyalise
splash,sprinkle,splosh
spoiling,spoilage,spoil
sport,romp,run around
spots,situation,touch
spots,espy,spy
spots,recognise,distinguish
spotting,maculation,detection
sprain,turn,wrick
spreading,spread,spread out
sprouting,burgeon forth,sprout
sputter,scramble,shin
squawroot,blue cohosh,blueberry root
squeaker,close shave,squeak
squealer,blabber,hog
squeezing,stuff,shove
squeezing,squeeze,pinch
squinch,funk,cringe
squinch,wince,recoil
squinter,squint,squint-eyed
squirm,worm,twist
stack,deal,flock
stacks,tidy sum,wad
stacks,heap,stack
staging,spy,stag
staging,stag,snoop
stairs,steps,step
stake,bet,wager
stakes,back,gage
stalemate,impasse,standstill
stalling,drag one's feet,drag one's heels
start,lead off,commence
starwort,stitchwort,greater stitchwort
stave,rung,round
steeper,extortionate,outrageous
stemma,blood,pedigree
stench,fetor,foetor
step,whole tone,whole step
stick,cohere,sting
stick,mystify,baffle
stilt,pile,spile
stiltbird,long-legs,stilt plover
sting,confidence game,con game
sting,con game,gyp
stink,malodor,malodour
stolidity,emotionlessness,impassivity
stool,shit,take a shit
stops,blockage,block
storage,depot,entrepot
storage,memory,computer memory
straggle,sidetrack,depart
straits,head,strait
strangles,strangulate,throttle
strangling,choking,strangulation
stream,pour,swarm
strength,strong suit,long suit
strike,hit,come to
strip,cartoon strip,funnies
strip,uncase,unclothe
strip,denude,bare
stripes,discase,uncase
stripes,strip,plunder
striping,disrobe,peel
striping,leach,strip
stripteaser,exotic dancer,ecdysiast
stripteaser,ecdysiast,peeler
striving,reach,strain
stroller,saunterer,ambler
stroller,perambulator,pram
studying,canvas,study
stuffing,gorge,ingurgitate
stumblebum,lubber,lummox
sty,hordeolum,eye infection
stylist,hairstylist,styler
submerging,submerge,submerse
subscriber,reader,contributor
subsidence,remission,remittal
succeeder,achiever,winner
suck,nurse,wet-nurse
sucker,gull,mark
sucking,go down on,absorb
suiting,befit,suit
sunup,break of day,break of the day
superannuation,retirement pension,retirement check
support,back up,back
support,hold,sustain
support,substantiate,affirm
support,subscribe,corroborate
supporter,garter,athletic supporter
supporter,athletic supporter,suspensor
supposition,hypothesis,assumption
sureness,assurance,self-assurance
surffish,yellowfin croaker,surf fish
surge,rush,spate
surroundings,surround,besiege
surroundings,fence,fence in
suspensor,athletic supporter,supporter
suspicion,misgiving,mistrust
swallow,unsay,withdraw
sweats,sweatsuit,workout suit
sweats,exertion,travail
sweetbrier,brier,briar
switchblade,switchblade knife,flick-knife
symbolization,symbolisation,symbol
synchroniser,synchronoscope,synchronizer
synchronizing,synchronise,synchronize
system,arrangement,organization
systematist,orderer,systematizer
tablet,pad of paper,pill
tactics,tactic,maneuver
tail,butt,backside
tails,dress suit,full dress
tails,backside,bum
tails,seat,tail
take,have,submit
take,take aim,direct
takings,occupy,use up
takings,take away,withdraw
talk,public lecture,talk of the town
talkativeness,loquaciousness,loquacity
talks,talk,talk of the town
talks,talk,speak
talks,mouth,verbalize
talus,astragal,astragalus
tameness,jejuneness,vapidity
tank,tankful,tank car
tanning,lashing,flagellation
taping,intercept,bug
tapping,rap,knock
taster,taste tester,taste-tester
tawdriness,brashness,meretriciousness
taximan,hack-driver,livery driver
tectonics,architectonics,plate tectonics
telephone,call,call up
tenseness,tension,tensity
tent,encamp,camp out
tenuity,rarity,low density
tercet,iii,trio
terror,panic,affright
testis,bollock,nut
text,schoolbook,school text
theoretician,theorizer,theoriser
think,recollect,intend
thinner,slender,thin
thirstiness,aridity,aridness
thirstiness,aridness,thirst
thought,opinion,sentiment
thought,conceive,think
thrash,cream,bat
threshing,thresh,thrash
throttle,gas pedal,gas
throw,switch,project
throw,contrive,bewilder
thrower,potter,ceramicist
thrusting,thrust,force
thyrotropin,thyrotrophin,thyrotrophic hormone
tick-tack-toe,tit-tat-toe,noughts and crosses
ticking,check,check off
tie,draw,connect
tie,link,link up
tierce,one-third,third
tilt,arguing,list
tilt,rock,careen
times,time,prison term
tin,can,tin can
tincture,shadow,shade
tinker,chub mackerel,scomber japonicus
tinker,monkey,monkey around
tipper,dump truck,dumper
tipsiness,inebriety,intoxication
title,deed,deed of conveyance
titty,knocker,boob
to-do,disruption,commotion
toetoe,arundo richardii,toitoi
toetoe,arundo conspicua,chionochloa conspicua
togs,clothe,enclothe
toilet,lavatory,lav
toot,blare,beep
torment,dun,frustrate
torpedo,hit man,hitman
torpedo,submarine,submarine sandwich
torpidity,torpor,listlessness
torpor,listlessness,torpidity
touchstone,criterion,measure
tout,shoot a line,brag
track,course,lead
track,cut,caterpillar track
trade,merchandise,trade in
trailing,tail,tag
train,direct,coach
tranquillizer,ataractic agent,ataractic
transition,passage,conversion
transport,shipping,ecstasy
transport,transferral,conveyance
transport,enthral,delight
trap,trammel,pin
trash,tripe,trumpery
travail,dig,moil
traverse,cut across,cross
treacle,golden syrup,mush
treacle,slop,glop
tread-softly,devil nettle,pica-pica
trencherman,gourmand,gourmandizer
trend,movement,vogue
trickery,wile,shenanigan
trimester,trig,trim
trimming,lop,dress
trine,troika,triad
trouncing,lacing,whacking
tube,pipe,tube-shaped structure
tulipwood,white poplar,yellow poplar
tum,stomach,tummy
tumble,get onto,latch on
tumble,cotton on,twig
turbojet,fanjet engine,turbojet engine
turn,twist,turning
turn,flex,bend
turncoat,renegade,recreant
turning,turn,flex
turnkey,prison guard,jailer
turnover,upset,overturn
twat,goofball,bozo
tweak,pick off,fine-tune
twist,wrestle,wriggle
twit,rally,ride
tying,tie,bind
tyranny,absolutism,despotism
umbilicus,navel,bellybutton
umbilicus,omphalos,omphalus
underestimate,underestimation,underrating
underlayment,carpet pad,rug pad
underreckoning,underestimation,underrating
underscore,emphasize,emphasise
undertaking,contract,undertake
undoer,unfastener,untier
undress,uncase,unclothe
undress,divest,disinvest
uniting,unite,unify
unloading,discharge,unload
unloading,unlade,offload
upgrade,promote,advance
uprising,originate,arise
uprising,uprise,get up
usability,serviceability,serviceableness
utterer,verbalizer,verbaliser
valorousness,valour,valiance
value,prize,treasure
vamper,tease,prickteaser
vanishing,fly,vaporize
vastness,enormousness,grandness
veil,velum,caul
veil,obliterate,hide
vestibule,antechamber,entrance hall
vexation,irritation,annoyance
viewer,watcher,looker
vilifier,defamer,maligner
violator,law offender,debaucher
viosterol,calciferol,ergocalciferol
visiting,gossip,jaw
visor,eyeshade,vizor
vividness,color,colour
vocalizing,vocalize,vocalise
vodoun,voodoo,voodooism
volatility,unpredictability,excitability
vomiting,puke,barf
vulgarism,coarseness,commonness
wad,spate,stack
wangle,fake,falsify
want,neediness,lack
ward,baroness jackson of lodsworth,ward
warmer,warm,quick
warmness,fondness,tenderness
warrantee,guarantee,warrant
warrantor,surety,warranter
wasting,squander,waste
watcher,looker,watchman
watching,watch,look out
water,pee,piddle
water-colour,water-color,watercolour
waver,flitter,flutter
weatherboard,clapboard,weatherboarding
wedding,marry,get married
wedge,hoagy,cuban sandwich
wellbeing,well-being,welfare
wetter,wetting agent,surfactant
wharfage,pier,wharf
whim,impulse,notion
whipsaw,two-handed saw,two-man saw
whiteness,pureness,sinlessness
whizz,whirr,whir
whizz,zoom along,whizz along
whoreson,motherfucker,prick
whortleberry,blaeberry,viccinium myrtillus
wickedness,immorality,iniquity
wicopy,moosewood,moose-wood
widening,turnout,broadening
widget,thingmajig,thingummy
widget,whatchamacallum,whatsis
wings,wing,fender
wisenheimer,wiseacre,weisenheimer
wish,indirect request,regard
wishing,wish well,wish
withdrawal,backdown,climb-down
withdrawnness,aloofness,remoteness
withholding,keep back,withhold
wiz,hotshot,star
wobble,tilt,shimmy
woman,cleaning woman,cleaning lady
woodiness,woodsiness,wood grain
woodlet,grove,orchard
wop,dago,ginzo
workings,work out,make
works,piece of work,employment
wrap,envelop,enfold
writing,publish,write
years,geezerhood,long time
yell,outcry,call
yellowbird,dendroica petechia,new world goldfinch
yips,yelp,yelping
yobbo,roughneck,rowdy
yoke,duet,dyad
yowl,holloa,roar
abide,stick out,stomach
absorb,plunge,engross
accept,take,take on
accumulate,roll up,collect
accumulate,compile,hoard
acknowledge,recognize,recognise
actuate,spark,trigger off
adjure,bid,beseech
adumbrate,outline,intimate
allow,countenance,grant
amass,pile up,compile
ameliorate,improve,meliorate
anesthetize,anaesthetise,put under
annul,invalidate,quash
antedate,forego,forgo
appease,lenify,conciliate
apprize,notify,give notice
arise,go up,come up
arouse,evoke,stir
arouse,stir,sex
arouse,turn on,wind up
arrange,coif,coiffe
ascertain,see,watch
assail,assault,set on
assemble,foregather,gather
assume,take over,acquire
assume,feign,wear
assume,put on,get into
bedamn,imprecate,maledict
beget,father,mother
begrime,soil,grime
bestride,mount,mount up
bewitch,witch,enchant
bewitch,enchant,jinx
bilk,queer,spoil
bless,consecrate,hallow
bodge,louse up,foul up
bollix,bollocks up,bobble
bourgeon,burgeon forth,sprout
brabble,niggle,pettifog
browbeat,boss around,hector
bumble,fluff,bollix
bushwhack,ambush,scupper
bushwhack,ambuscade,lie in wait
claver,gossip,jaw
coddle,mollycoddle,spoil
coincide,co-occur,cooccur
coldcock,dump,knock down
colligate,associate,tie in
colourize,colorize,colorise
colourize,color in,colour in
combust,ignite,catch fire
commingle,mix,conflate
commingle,immix,fuse
confound,discombobulate,confuse
conjure,bid,beseech
connect,colligate,link up
constrain,restrain,encumber
consult,look up,confer
contain,comprise,hold
contribute,chip in,kick in
convulse,thresh,thresh about
coruscate,scintillate,sparkle
crystallise,crystalize,crystalise
crystallize,crystalise,effloresce
decoke,decarbonise,decarburize
decolorise,decolourise,discolorize
decolour,discolorize,discolourise
decompose,molder,moulder
defecate,take a crap,ca-ca
defend,oppose,fight back
defer,hold over,put over
defer,remit,put off
deform,bend,twist
demoralize,dismay,dispirit
demote,bump,relegate
deprave,debauch,debase
depress,lower,press down
determine,specify,set
determine,decide,make up one's mind
devaluate,undervalue,devalue
diddle,hornswoggle,short-change
disassociate,disunite,disjoint
dispense,shell out,deal out
disperse,dissipate,dispel
disperse,break up,scatter
dispose,cast away,put away
dissemble,cloak,mask
distort,twine,contort
distort,wring,tinge
distribute,spread,give out
disunite,disjoint,separate
divest,strip,disinvest
divest,undress,disinvest
domesticate,cultivate,naturalize
domesticate,tame,domesticize
douse,drench,dowse
dumbfound,stick,get
educate,civilize,civilise
eff,screw,fuck
effeminize,feminize,feminise
eliminate,rule out,winnow out
elucidate,crystallise,crystalize
empower,endow,indue
enchant,trance,catch
encrypt,code,encipher
endure,support,brook
engross,soak up,absorb
enjoy,relish,savor
enlighten,irradiate,clear
enlighten,crystalise,straighten out
entangle,tangle,mat
entrap,snare,ensnare
entrust,confide,commit
eradicate,uproot,extirpate
evoke,conjure up,invoke
execute,carry through,accomplish
exemplify,illustrate,instance
exist,survive,live
expand,flourish,inflate
expand,dilate,extend
expel,throw out,drum out
exsert,put out,extend
extend,stretch,expand
extend,stretch,stretch out
extinguish,snuff out,blow out
extrapolate,generalize,generalise
fascinate,capture,enamour
fascinate,catch,becharm
fascinate,charm,bewitch
fatten,fill out,plump
fertilize,fecundate,fertilise
flatter,bland,flat
flog,lather,lash
follow,come after,conform to
formulate,contrive,devise
forswear,abjure,recant
forswear,recant,retract
gormandize,pig out,satiate
gruntle,placate,gentle
harass,harry,chivy
harmonise,agree,harmonize
hornswoggle,victimize,swindle
humiliate,mortify,chagrin
immerse,plunge,engross
immortalise,memorialise,immortalize
immortalise,record,immortalize
impose,enforce,inflict
imprecate,curse,cuss
incriminate,impeach,criminate
incrust,beset,encrust
incur,get,find
indicate,point,signal
infer,guess,understand
inflate,blow up,expand
ingurgitate,overeat,gormandize
initialise,initialize,format
initialise,format,initialize
instal,put in,set up
instill,transfuse,instil
intend,mean,signify
interfere,intervene,step in
interlace,enlace,lace
interpret,render,represent
intertwine,lace,tat
intertwine,tat,loop
intromit,allow in,let in
intrude,irrupt,trespass
intumesce,swell,swell up
intumesce,swell up,tumefy
invade,occupy,intrude on
jactitate,convulse,thresh
kindle,arouse,elicit
lambast,call on the carpet,take to task
learn,read,take
legitimize,legalize,legalise
lessen,diminish,fall
linger,loaf,lallygag
loll,bum about,arse around
loosen,tease,tease apart
manoeuver,channelize,channelise
masticate,chew,manducate
maturate,senesce,age
maunder,twaddle,clack
merge,blend,flux
mesmerize,hypnotize,hypnotise
metamorphose,transfigure,transmogrify
mingle,commix,unify
minimize,understate,minimise
misappropriate,embezzle,defalcate
modernize,overhaul,modernise
mollify,pacify,lenify
mussitate,mumble,mutter
naturalize,naturalise,domesticate
necessitate,postulate,need
nobble,kidnap,abduct
nonplus,stick,get
normalise,renormalize,renormalise
observe,honour,abide by
obturate,impede,occlude
occupy,worry,invade
omit,neglect,pretermit
oppose,controvert,contradict
outflank,outdo,trump
outride,stay,ride out
overcome,get the better of,defeat
overindulge,gourmandize,binge
pee-pee,micturate,piss
penetrate,interpenetrate,diffuse
penetrate,imbue,riddle
perplex,get,puzzle
perplex,beat,pose
perturb,disquiet,trouble
predestine,foreordain,preordain
prevaricate,beat around the bush,equivocate
primp,plume,dress
prise,jimmy,pry
prognosticate,forebode,anticipate
propose,purpose,purport
proscribe,forbid,prohibit
provide,furnish,supply
provoke,chevy,chevvy
quell,squelch,quench
quiesce,quieten,hush
quieten,lull,still
rankle,fret,grate
ransack,strip,rifle
ransack,rifle,pillage
rationalise,apologise,excuse
ravish,enrapture,transport
realize,understand,realise
recite,retell,tell
reckon,see,consider
recognise,acknowledge,recognize
recognise,agnize,agnise
redden,crimson,flush
reduce,abridge,foreshorten
reduce,contract,boil down
reduce,boil down,decoct
refer,come to,bear on
regorge,spew,spue
regularise,regularize,order
represent,present,lay out
resist,hold out,withstand
restate,iterate,retell
restore,reconstruct,regenerate
restrain,encumber,cumber
resurrect,revive,rise
retire,go to bed,turn in
revive,reanimate,renovate
rollick,frolic,lark
rouse,awaken,wake
rove,swan,stray
ruminate,reflect,mull
scandalize,shock,offend
scarper,scat,run
scintillate,winkle,sparkle
seize,assume,usurp
sensify,sensitize,sensitise
severalize,differentiate,secern
slosh,slush,squelch
smatter,dabble,play around
soften,relent,cushion
spay,alter,neuter
specify,qualify,condition
spew,vomit,vomit up
spew,upchuck,honk
sphacelate,gangrene,mortify
splosh,splash,spatter
stabilize,brace,steady
starve,crave,hunger
stimulate,hasten,excite
strangle,strangulate,throttle
stupefy,pose,bewilder
stupefy,flummox,nonplus
subdue,inhibit,conquer
submit,accede,give in
substantiate,realize,realise
subvert,pervert,demoralize
subvert,deprave,misdirect
summarise,sum,sum up
surpass,travel by,pass by
survive,live,subsist
sustain,suffer,have
sweet-talk,blarney,coax
syllabize,syllabicate,syllabise
testify,attest,take the stand
thresh,thrash,thrash about
tog,clothe,enclothe
transcend,surpass,exceed
transmit,conduct,convey
typify,symbolize,symbolise
unbend,straighten,relax
understate,minimize,minimise
valuate,assess,appraise
vanish,disappear,fly
ventilate,air,vent
verbalise,verbalize,express
violate,ravish,assault
violate,dishonour,outrage
vituperate,vilify,revile
vituperate,revile,rail
vivify,revive,renovate
wander,thread,meander
weaken,damp,soften
whelm,sweep over,overcome
womanize,effeminize,effeminise
yammer,yowl,whine
yawp,bawl,whine
angled,slant,angle
apprehended,cop,apprehend
atrocious,terrible,unspeakable
beatified,tickle pink,inebriate
behind,tooshie,tush
captive,absorbed,engrossed
castrated,emasculate,castrate
checked,tally,agree
edgy,high-strung,highly strung
following,follow,be
fulfilled,meet,satisfy
halt,stop,stoppage
haunted,frequent,haunt
impulsive,driving,capricious
incriminating,inculpate,accuse
insulting,insult,affront
loaded,affluent,flush
located,site,settle
pissed,blind drunk,blotto
pliable,malleable,pliant
ploughed,plough,turn
recognised,recognise,recognize
releasing,release,relinquish
roly-poly,podgy,pudgy
scattered,break up,scatter
shelled,beat out,crush
supported,plunk for,support
troubling,inconvenience,disoblige
wandering,stray,tramp
weak,watery,washy
whacky,sappy,silly
white-haired,grizzly,hoar
now,straight off,directly
amount,number,add up
arbalist,trebuchet,trebucket
bars,block off,block up
boner,blooper,bloomer
break,break dance,break-dance
burst,split,break open
burying,immerse,swallow
colors,color,colour
commotion,disturbance,disruption
countenance,indorsement,warrant
cream,thrash,lick
desolation,devastation,bleakness
discharge,emission,expelling
examination,exam,test
favourableness,favorableness,advantageousness
forge,formulate,spurt
fund,stock,investment company
fusion,unification,coalition
gain,addition,increase
gripes,transfix,grip
interdict,proscribe,veto
inventorying,stocktaking,stock-taking
mussitation,muttering,murmur
oracle,prophesier,seer
outcry,cry,call
peddling,peddle,monger
pelf,cabbage,clams
prostitute,fancy woman,working girl
risk,put on the line,lay on the line
rout,root,rootle
selling,sell,betray
setting,typeset,set
shine,radiance,radiancy
shine,gleam,glow
slash,cut,gash
somesthesia,somaesthesia,somaesthesis
stay,hitch,stop
strike,hit,come to
summoning,summon,summons
switching,switch over,switch
talk,public lecture,talk of the town
tomato,tomato plant,lycopersicon esculentum
trailing,hang back,drop behind
try,hear,strain
turbofan,fanjet,fan-jet
upgrade,raise,climb
womanishness,effeminacy,effeminateness
canonize,saint,canonise
conceptualise,conceive,conceptualize
diminish,fall,belittle
endure,survive,last
excogitate,devise,formulate
govern,regulate,regularize
imprison,jail,jug
manoeuver,manoeuvre,direct
overdress,attire,get up
palter,tergiversate,prevaricate
quicken,invigorate,animate
summate,add together,tally
illusion,head game,magic trick
